repository,repository_url,tool,rule_id,severity,annotation,annotation_value,annotation_explicit,effective_value,evidence,linter_message,classification,reason,behavior_evidence
KnockOutEZ/wigolo,https://github.com/KnockOutEZ/wigolo,fetch,MCP005,INFO,readOnlyHint,omitted,false,false,"annotations omit ""readOnlyHint""; effective value is false",Annotation coverage: 'readOnlyHint' was not explicitly specified; its effective MCP default is false.,COVERAGE_INFO,"readOnlyHint is omitted; its effective MCP default is false. This is coverage information, not a vulnerability classification.",
KnockOutEZ/wigolo,https://github.com/KnockOutEZ/wigolo,fetch,MCP005,INFO,destructiveHint,omitted,false,true,"annotations omit ""destructiveHint""; effective value is true",Annotation coverage: 'destructiveHint' was not explicitly specified; its effective MCP default is true.,COVERAGE_INFO,"destructiveHint is omitted; its effective MCP default is true. This is coverage information, not a vulnerability classification.",
KnockOutEZ/wigolo,https://github.com/KnockOutEZ/wigolo,fetch,MCP005,INFO,idempotentHint,omitted,false,false,"annotations omit ""idempotentHint""; effective value is false",Annotation coverage: 'idempotentHint' was not explicitly specified; its effective MCP default is false.,COVERAGE_INFO,"idempotentHint is omitted; its effective MCP default is false. This is coverage information, not a vulnerability classification.",
KnockOutEZ/wigolo,https://github.com/KnockOutEZ/wigolo,fetch,MCP005,INFO,openWorldHint,omitted,false,true,"annotations omit ""openWorldHint""; effective value is true",Annotation coverage: 'openWorldHint' was not explicitly specified; its effective MCP default is true.,COVERAGE_INFO,"openWorldHint is omitted; its effective MCP default is true. This is coverage information, not a vulnerability classification.",
KnockOutEZ/wigolo,https://github.com/KnockOutEZ/wigolo,search,MCP005,INFO,readOnlyHint,omitted,false,false,"annotations omit ""readOnlyHint""; effective value is false",Annotation coverage: 'readOnlyHint' was not explicitly specified; its effective MCP default is false.,COVERAGE_INFO,"readOnlyHint is omitted; its effective MCP default is false. This is coverage information, not a vulnerability classification.",
KnockOutEZ/wigolo,https://github.com/KnockOutEZ/wigolo,search,MCP005,INFO,destructiveHint,omitted,false,true,"annotations omit ""destructiveHint""; effective value is true",Annotation coverage: 'destructiveHint' was not explicitly specified; its effective MCP default is true.,COVERAGE_INFO,"destructiveHint is omitted; its effective MCP default is true. This is coverage information, not a vulnerability classification.",
KnockOutEZ/wigolo,https://github.com/KnockOutEZ/wigolo,search,MCP005,INFO,idempotentHint,omitted,false,false,"annotations omit ""idempotentHint""; effective value is false",Annotation coverage: 'idempotentHint' was not explicitly specified; its effective MCP default is false.,COVERAGE_INFO,"idempotentHint is omitted; its effective MCP default is false. This is coverage information, not a vulnerability classification.",
KnockOutEZ/wigolo,https://github.com/KnockOutEZ/wigolo,search,MCP005,INFO,openWorldHint,omitted,false,true,"annotations omit ""openWorldHint""; effective value is true",Annotation coverage: 'openWorldHint' was not explicitly specified; its effective MCP default is true.,COVERAGE_INFO,"openWorldHint is omitted; its effective MCP default is true. This is coverage information, not a vulnerability classification.",
KnockOutEZ/wigolo,https://github.com/KnockOutEZ/wigolo,crawl,MCP005,INFO,readOnlyHint,omitted,false,false,"annotations omit ""readOnlyHint""; effective value is false",Annotation coverage: 'readOnlyHint' was not explicitly specified; its effective MCP default is false.,COVERAGE_INFO,"readOnlyHint is omitted; its effective MCP default is false. This is coverage information, not a vulnerability classification.",
KnockOutEZ/wigolo,https://github.com/KnockOutEZ/wigolo,crawl,MCP005,INFO,destructiveHint,omitted,false,true,"annotations omit ""destructiveHint""; effective value is true",Annotation coverage: 'destructiveHint' was not explicitly specified; its effective MCP default is true.,COVERAGE_INFO,"destructiveHint is omitted; its effective MCP default is true. This is coverage information, not a vulnerability classification.",
KnockOutEZ/wigolo,https://github.com/KnockOutEZ/wigolo,crawl,MCP005,INFO,idempotentHint,omitted,false,false,"annotations omit ""idempotentHint""; effective value is false",Annotation coverage: 'idempotentHint' was not explicitly specified; its effective MCP default is false.,COVERAGE_INFO,"idempotentHint is omitted; its effective MCP default is false. This is coverage information, not a vulnerability classification.",
KnockOutEZ/wigolo,https://github.com/KnockOutEZ/wigolo,crawl,MCP005,INFO,openWorldHint,omitted,false,true,"annotations omit ""openWorldHint""; effective value is true",Annotation coverage: 'openWorldHint' was not explicitly specified; its effective MCP default is true.,COVERAGE_INFO,"openWorldHint is omitted; its effective MCP default is true. This is coverage information, not a vulnerability classification.",
KnockOutEZ/wigolo,https://github.com/KnockOutEZ/wigolo,cache,MCP005,INFO,readOnlyHint,omitted,false,false,"annotations omit ""readOnlyHint""; effective value is false",Annotation coverage: 'readOnlyHint' was not explicitly specified; its effective MCP default is false.,COVERAGE_INFO,"readOnlyHint is omitted; its effective MCP default is false. This is coverage information, not a vulnerability classification.",
KnockOutEZ/wigolo,https://github.com/KnockOutEZ/wigolo,cache,MCP005,INFO,destructiveHint,omitted,false,true,"annotations omit ""destructiveHint""; effective value is true",Annotation coverage: 'destructiveHint' was not explicitly specified; its effective MCP default is true.,COVERAGE_INFO,"destructiveHint is omitted; its effective MCP default is true. This is coverage information, not a vulnerability classification.",
KnockOutEZ/wigolo,https://github.com/KnockOutEZ/wigolo,cache,MCP005,INFO,idempotentHint,omitted,false,false,"annotations omit ""idempotentHint""; effective value is false",Annotation coverage: 'idempotentHint' was not explicitly specified; its effective MCP default is false.,COVERAGE_INFO,"idempotentHint is omitted; its effective MCP default is false. This is coverage information, not a vulnerability classification.",
KnockOutEZ/wigolo,https://github.com/KnockOutEZ/wigolo,cache,MCP005,INFO,openWorldHint,omitted,false,true,"annotations omit ""openWorldHint""; effective value is true",Annotation coverage: 'openWorldHint' was not explicitly specified; its effective MCP default is true.,COVERAGE_INFO,"openWorldHint is omitted; its effective MCP default is true. This is coverage information, not a vulnerability classification.",
KnockOutEZ/wigolo,https://github.com/KnockOutEZ/wigolo,extract,MCP005,INFO,readOnlyHint,omitted,false,false,"annotations omit ""readOnlyHint""; effective value is false",Annotation coverage: 'readOnlyHint' was not explicitly specified; its effective MCP default is false.,COVERAGE_INFO,"readOnlyHint is omitted; its effective MCP default is false. This is coverage information, not a vulnerability classification.",
KnockOutEZ/wigolo,https://github.com/KnockOutEZ/wigolo,extract,MCP005,INFO,destructiveHint,omitted,false,true,"annotations omit ""destructiveHint""; effective value is true",Annotation coverage: 'destructiveHint' was not explicitly specified; its effective MCP default is true.,COVERAGE_INFO,"destructiveHint is omitted; its effective MCP default is true. This is coverage information, not a vulnerability classification.",
KnockOutEZ/wigolo,https://github.com/KnockOutEZ/wigolo,extract,MCP005,INFO,idempotentHint,omitted,false,false,"annotations omit ""idempotentHint""; effective value is false",Annotation coverage: 'idempotentHint' was not explicitly specified; its effective MCP default is false.,COVERAGE_INFO,"idempotentHint is omitted; its effective MCP default is false. This is coverage information, not a vulnerability classification.",
KnockOutEZ/wigolo,https://github.com/KnockOutEZ/wigolo,extract,MCP005,INFO,openWorldHint,omitted,false,true,"annotations omit ""openWorldHint""; effective value is true",Annotation coverage: 'openWorldHint' was not explicitly specified; its effective MCP default is true.,COVERAGE_INFO,"openWorldHint is omitted; its effective MCP default is true. This is coverage information, not a vulnerability classification.",
KnockOutEZ/wigolo,https://github.com/KnockOutEZ/wigolo,find_similar,MCP005,INFO,readOnlyHint,omitted,false,false,"annotations omit ""readOnlyHint""; effective value is false",Annotation coverage: 'readOnlyHint' was not explicitly specified; its effective MCP default is false.,COVERAGE_INFO,"readOnlyHint is omitted; its effective MCP default is false. This is coverage information, not a vulnerability classification.",
KnockOutEZ/wigolo,https://github.com/KnockOutEZ/wigolo,find_similar,MCP005,INFO,destructiveHint,omitted,false,true,"annotations omit ""destructiveHint""; effective value is true",Annotation coverage: 'destructiveHint' was not explicitly specified; its effective MCP default is true.,COVERAGE_INFO,"destructiveHint is omitted; its effective MCP default is true. This is coverage information, not a vulnerability classification.",
KnockOutEZ/wigolo,https://github.com/KnockOutEZ/wigolo,find_similar,MCP005,INFO,idempotentHint,omitted,false,false,"annotations omit ""idempotentHint""; effective value is false",Annotation coverage: 'idempotentHint' was not explicitly specified; its effective MCP default is false.,COVERAGE_INFO,"idempotentHint is omitted; its effective MCP default is false. This is coverage information, not a vulnerability classification.",
KnockOutEZ/wigolo,https://github.com/KnockOutEZ/wigolo,find_similar,MCP005,INFO,openWorldHint,omitted,false,true,"annotations omit ""openWorldHint""; effective value is true",Annotation coverage: 'openWorldHint' was not explicitly specified; its effective MCP default is true.,COVERAGE_INFO,"openWorldHint is omitted; its effective MCP default is true. This is coverage information, not a vulnerability classification.",
KnockOutEZ/wigolo,https://github.com/KnockOutEZ/wigolo,research,MCP005,INFO,readOnlyHint,omitted,false,false,"annotations omit ""readOnlyHint""; effective value is false",Annotation coverage: 'readOnlyHint' was not explicitly specified; its effective MCP default is false.,COVERAGE_INFO,"readOnlyHint is omitted; its effective MCP default is false. This is coverage information, not a vulnerability classification.",
KnockOutEZ/wigolo,https://github.com/KnockOutEZ/wigolo,research,MCP005,INFO,destructiveHint,omitted,false,true,"annotations omit ""destructiveHint""; effective value is true",Annotation coverage: 'destructiveHint' was not explicitly specified; its effective MCP default is true.,COVERAGE_INFO,"destructiveHint is omitted; its effective MCP default is true. This is coverage information, not a vulnerability classification.",
KnockOutEZ/wigolo,https://github.com/KnockOutEZ/wigolo,research,MCP005,INFO,idempotentHint,omitted,false,false,"annotations omit ""idempotentHint""; effective value is false",Annotation coverage: 'idempotentHint' was not explicitly specified; its effective MCP default is false.,COVERAGE_INFO,"idempotentHint is omitted; its effective MCP default is false. This is coverage information, not a vulnerability classification.",
KnockOutEZ/wigolo,https://github.com/KnockOutEZ/wigolo,research,MCP005,INFO,openWorldHint,omitted,false,true,"annotations omit ""openWorldHint""; effective value is true",Annotation coverage: 'openWorldHint' was not explicitly specified; its effective MCP default is true.,COVERAGE_INFO,"openWorldHint is omitted; its effective MCP default is true. This is coverage information, not a vulnerability classification.",
KnockOutEZ/wigolo,https://github.com/KnockOutEZ/wigolo,agent,MCP005,INFO,readOnlyHint,omitted,false,false,"annotations omit ""readOnlyHint""; effective value is false",Annotation coverage: 'readOnlyHint' was not explicitly specified; its effective MCP default is false.,COVERAGE_INFO,"readOnlyHint is omitted; its effective MCP default is false. This is coverage information, not a vulnerability classification.",
KnockOutEZ/wigolo,https://github.com/KnockOutEZ/wigolo,agent,MCP005,INFO,destructiveHint,omitted,false,true,"annotations omit ""destructiveHint""; effective value is true",Annotation coverage: 'destructiveHint' was not explicitly specified; its effective MCP default is true.,COVERAGE_INFO,"destructiveHint is omitted; its effective MCP default is true. This is coverage information, not a vulnerability classification.",
KnockOutEZ/wigolo,https://github.com/KnockOutEZ/wigolo,agent,MCP005,INFO,idempotentHint,omitted,false,false,"annotations omit ""idempotentHint""; effective value is false",Annotation coverage: 'idempotentHint' was not explicitly specified; its effective MCP default is false.,COVERAGE_INFO,"idempotentHint is omitted; its effective MCP default is false. This is coverage information, not a vulnerability classification.",
KnockOutEZ/wigolo,https://github.com/KnockOutEZ/wigolo,agent,MCP005,INFO,openWorldHint,omitted,false,true,"annotations omit ""openWorldHint""; effective value is true",Annotation coverage: 'openWorldHint' was not explicitly specified; its effective MCP default is true.,COVERAGE_INFO,"openWorldHint is omitted; its effective MCP default is true. This is coverage information, not a vulnerability classification.",
KnockOutEZ/wigolo,https://github.com/KnockOutEZ/wigolo,diff,MCP005,INFO,readOnlyHint,omitted,false,false,"annotations omit ""readOnlyHint""; effective value is false",Annotation coverage: 'readOnlyHint' was not explicitly specified; its effective MCP default is false.,COVERAGE_INFO,"readOnlyHint is omitted; its effective MCP default is false. This is coverage information, not a vulnerability classification.",
KnockOutEZ/wigolo,https://github.com/KnockOutEZ/wigolo,diff,MCP005,INFO,destructiveHint,omitted,false,true,"annotations omit ""destructiveHint""; effective value is true",Annotation coverage: 'destructiveHint' was not explicitly specified; its effective MCP default is true.,COVERAGE_INFO,"destructiveHint is omitted; its effective MCP default is true. This is coverage information, not a vulnerability classification.",
KnockOutEZ/wigolo,https://github.com/KnockOutEZ/wigolo,diff,MCP005,INFO,idempotentHint,omitted,false,false,"annotations omit ""idempotentHint""; effective value is false",Annotation coverage: 'idempotentHint' was not explicitly specified; its effective MCP default is false.,COVERAGE_INFO,"idempotentHint is omitted; its effective MCP default is false. This is coverage information, not a vulnerability classification.",
KnockOutEZ/wigolo,https://github.com/KnockOutEZ/wigolo,diff,MCP005,INFO,openWorldHint,omitted,false,true,"annotations omit ""openWorldHint""; effective value is true",Annotation coverage: 'openWorldHint' was not explicitly specified; its effective MCP default is true.,COVERAGE_INFO,"openWorldHint is omitted; its effective MCP default is true. This is coverage information, not a vulnerability classification.",
KnockOutEZ/wigolo,https://github.com/KnockOutEZ/wigolo,watch,MCP005,INFO,readOnlyHint,omitted,false,false,"annotations omit ""readOnlyHint""; effective value is false",Annotation coverage: 'readOnlyHint' was not explicitly specified; its effective MCP default is false.,COVERAGE_INFO,"readOnlyHint is omitted; its effective MCP default is false. This is coverage information, not a vulnerability classification.",
KnockOutEZ/wigolo,https://github.com/KnockOutEZ/wigolo,watch,MCP005,INFO,destructiveHint,omitted,false,true,"annotations omit ""destructiveHint""; effective value is true",Annotation coverage: 'destructiveHint' was not explicitly specified; its effective MCP default is true.,COVERAGE_INFO,"destructiveHint is omitted; its effective MCP default is true. This is coverage information, not a vulnerability classification.",
KnockOutEZ/wigolo,https://github.com/KnockOutEZ/wigolo,watch,MCP005,INFO,idempotentHint,omitted,false,false,"annotations omit ""idempotentHint""; effective value is false",Annotation coverage: 'idempotentHint' was not explicitly specified; its effective MCP default is false.,COVERAGE_INFO,"idempotentHint is omitted; its effective MCP default is false. This is coverage information, not a vulnerability classification.",
KnockOutEZ/wigolo,https://github.com/KnockOutEZ/wigolo,watch,MCP005,INFO,openWorldHint,omitted,false,true,"annotations omit ""openWorldHint""; effective value is true",Annotation coverage: 'openWorldHint' was not explicitly specified; its effective MCP default is true.,COVERAGE_INFO,"openWorldHint is omitted; its effective MCP default is true. This is coverage information, not a vulnerability classification.",
github/github-mcp-server,https://github.com/github/github-mcp-server,actions_get,MCP005,INFO,openWorldHint,omitted,false,true,"annotations omit ""openWorldHint""; effective value is true",Annotation coverage: 'openWorldHint' was not explicitly specified; its effective MCP default is true.,COVERAGE_INFO,"openWorldHint is omitted; its effective MCP default is true. This is coverage information, not a vulnerability classification.",
github/github-mcp-server,https://github.com/github/github-mcp-server,actions_list,MCP005,INFO,openWorldHint,omitted,false,true,"annotations omit ""openWorldHint""; effective value is true",Annotation coverage: 'openWorldHint' was not explicitly specified; its effective MCP default is true.,COVERAGE_INFO,"openWorldHint is omitted; its effective MCP default is true. This is coverage information, not a vulnerability classification.",
github/github-mcp-server,https://github.com/github/github-mcp-server,actions_run_trigger,MCP005,INFO,idempotentHint,omitted,false,false,"annotations omit ""idempotentHint""; effective value is false",Annotation coverage: 'idempotentHint' was not explicitly specified; its effective MCP default is false.,COVERAGE_INFO,"idempotentHint is omitted; its effective MCP default is false. This is coverage information, not a vulnerability classification.",
github/github-mcp-server,https://github.com/github/github-mcp-server,actions_run_trigger,MCP005,INFO,openWorldHint,omitted,false,true,"annotations omit ""openWorldHint""; effective value is true",Annotation coverage: 'openWorldHint' was not explicitly specified; its effective MCP default is true.,COVERAGE_INFO,"openWorldHint is omitted; its effective MCP default is true. This is coverage information, not a vulnerability classification.",
github/github-mcp-server,https://github.com/github/github-mcp-server,add_comment_to_pending_review,MCP005,INFO,destructiveHint,omitted,false,true,"annotations omit ""destructiveHint""; effective value is true",Annotation coverage: 'destructiveHint' was not explicitly specified; its effective MCP default is true.,COVERAGE_INFO,"destructiveHint is omitted; its effective MCP default is true. This is coverage information, not a vulnerability classification.",
github/github-mcp-server,https://github.com/github/github-mcp-server,add_comment_to_pending_review,MCP005,INFO,idempotentHint,omitted,false,false,"annotations omit ""idempotentHint""; effective value is false",Annotation coverage: 'idempotentHint' was not explicitly specified; its effective MCP default is false.,COVERAGE_INFO,"idempotentHint is omitted; its effective MCP default is false. This is coverage information, not a vulnerability classification.",
github/github-mcp-server,https://github.com/github/github-mcp-server,add_comment_to_pending_review,MCP005,INFO,openWorldHint,omitted,false,true,"annotations omit ""openWorldHint""; effective value is true",Annotation coverage: 'openWorldHint' was not explicitly specified; its effective MCP default is true.,COVERAGE_INFO,"openWorldHint is omitted; its effective MCP default is true. This is coverage information, not a vulnerability classification.",
github/github-mcp-server,https://github.com/github/github-mcp-server,add_issue_comment,MCP005,INFO,destructiveHint,omitted,false,true,"annotations omit ""destructiveHint""; effective value is true",Annotation coverage: 'destructiveHint' was not explicitly specified; its effective MCP default is true.,COVERAGE_INFO,"destructiveHint is omitted; its effective MCP default is true. This is coverage information, not a vulnerability classification.",
github/github-mcp-server,https://github.com/github/github-mcp-server,add_issue_comment,MCP005,INFO,idempotentHint,omitted,false,false,"annotations omit ""idempotentHint""; effective value is false",Annotation coverage: 'idempotentHint' was not explicitly specified; its effective MCP default is false.,COVERAGE_INFO,"idempotentHint is omitted; its effective MCP default is false. This is coverage information, not a vulnerability classification.",
github/github-mcp-server,https://github.com/github/github-mcp-server,add_issue_comment,MCP005,INFO,openWorldHint,omitted,false,true,"annotations omit ""openWorldHint""; effective value is true",Annotation coverage: 'openWorldHint' was not explicitly specified; its effective MCP default is true.,COVERAGE_INFO,"openWorldHint is omitted; its effective MCP default is true. This is coverage information, not a vulnerability classification.",
github/github-mcp-server,https://github.com/github/github-mcp-server,add_reply_to_pull_request_comment,MCP005,INFO,destructiveHint,omitted,false,true,"annotations omit ""destructiveHint""; effective value is true",Annotation coverage: 'destructiveHint' was not explicitly specified; its effective MCP default is true.,COVERAGE_INFO,"destructiveHint is omitted; its effective MCP default is true. This is coverage information, not a vulnerability classification.",
github/github-mcp-server,https://github.com/github/github-mcp-server,add_reply_to_pull_request_comment,MCP005,INFO,idempotentHint,omitted,false,false,"annotations omit ""idempotentHint""; effective value is false",Annotation coverage: 'idempotentHint' was not explicitly specified; its effective MCP default is false.,COVERAGE_INFO,"idempotentHint is omitted; its effective MCP default is false. This is coverage information, not a vulnerability classification.",
github/github-mcp-server,https://github.com/github/github-mcp-server,add_reply_to_pull_request_comment,MCP005,INFO,openWorldHint,omitted,false,true,"annotations omit ""openWorldHint""; effective value is true",Annotation coverage: 'openWorldHint' was not explicitly specified; its effective MCP default is true.,COVERAGE_INFO,"openWorldHint is omitted; its effective MCP default is true. This is coverage information, not a vulnerability classification.",
github/github-mcp-server,https://github.com/github/github-mcp-server,assign_copilot_to_issue,MCP003,WARN,idempotentHint,true,true,true,"description contains ""...he following outcomes: - a Pull Request created with source code changes to resolve the issue More information can be fo...""",Potential annotation mismatch: tool text may conflict with effective idempotentHint=true. Review recommended.,INCONCLUSIVE,The description's future pull-request outcome does not establish repeat-call semantics. The handler always sends updateIssue with agentAssignment and relies on GitHub's service to decide whether a repeat assignment is deduplicated or launches another agent run; the pinned source and public documentation do not resolve that behavior.,pkg/github/copilot.go:168 and pkg/github/copilot.go:347; GitHub documents that assignment starts agent work and later opens a pull request but does not document repeated identical assignment semantics.
github/github-mcp-server,https://github.com/github/github-mcp-server,assign_copilot_to_issue,MCP005,INFO,destructiveHint,omitted,false,true,"annotations omit ""destructiveHint""; effective value is true",Annotation coverage: 'destructiveHint' was not explicitly specified; its effective MCP default is true.,COVERAGE_INFO,"destructiveHint is omitted; its effective MCP default is true. This is coverage information, not a vulnerability classification.",
github/github-mcp-server,https://github.com/github/github-mcp-server,assign_copilot_to_issue,MCP005,INFO,openWorldHint,omitted,false,true,"annotations omit ""openWorldHint""; effective value is true",Annotation coverage: 'openWorldHint' was not explicitly specified; its effective MCP default is true.,COVERAGE_INFO,"openWorldHint is omitted; its effective MCP default is true. This is coverage information, not a vulnerability classification.",
github/github-mcp-server,https://github.com/github/github-mcp-server,assign_copilot_to_issue_with_intent,MCP003,WARN,idempotentHint,true,true,true,"description contains ""...he following outcomes: - a Pull Request created with source code changes to resolve the issue More information can be fo...""",Potential annotation mismatch: tool text may conflict with effective idempotentHint=true. Review recommended.,INCONCLUSIVE,The tool has suggestion and direct-assignment branches. Repeating a suggestion may replace the same intent while repeating a direct assignment may be deduplicated or may relaunch work; that behavior is delegated to GitHub and cannot be confirmed statically. Matching the word 'created' is not proof of non-idempotence.,pkg/github/copilot.go:517 and pkg/github/copilot.go:647-755 show object-form assignee replacement and an optional agentAssignment mutation.
github/github-mcp-server,https://github.com/github/github-mcp-server,assign_copilot_to_issue_with_intent,MCP005,INFO,destructiveHint,omitted,false,true,"annotations omit ""destructiveHint""; effective value is true",Annotation coverage: 'destructiveHint' was not explicitly specified; its effective MCP default is true.,COVERAGE_INFO,"destructiveHint is omitted; its effective MCP default is true. This is coverage information, not a vulnerability classification.",
github/github-mcp-server,https://github.com/github/github-mcp-server,assign_copilot_to_issue_with_intent,MCP005,INFO,openWorldHint,omitted,false,true,"annotations omit ""openWorldHint""; effective value is true",Annotation coverage: 'openWorldHint' was not explicitly specified; its effective MCP default is true.,COVERAGE_INFO,"openWorldHint is omitted; its effective MCP default is true. This is coverage information, not a vulnerability classification.",
github/github-mcp-server,https://github.com/github/github-mcp-server,create_branch,MCP005,INFO,destructiveHint,omitted,false,true,"annotations omit ""destructiveHint""; effective value is true",Annotation coverage: 'destructiveHint' was not explicitly specified; its effective MCP default is true.,COVERAGE_INFO,"destructiveHint is omitted; its effective MCP default is true. This is coverage information, not a vulnerability classification.",
github/github-mcp-server,https://github.com/github/github-mcp-server,create_branch,MCP005,INFO,idempotentHint,omitted,false,false,"annotations omit ""idempotentHint""; effective value is false",Annotation coverage: 'idempotentHint' was not explicitly specified; its effective MCP default is false.,COVERAGE_INFO,"idempotentHint is omitted; its effective MCP default is false. This is coverage information, not a vulnerability classification.",
github/github-mcp-server,https://github.com/github/github-mcp-server,create_branch,MCP005,INFO,openWorldHint,omitted,false,true,"annotations omit ""openWorldHint""; effective value is true",Annotation coverage: 'openWorldHint' was not explicitly specified; its effective MCP default is true.,COVERAGE_INFO,"openWorldHint is omitted; its effective MCP default is true. This is coverage information, not a vulnerability classification.",
github/github-mcp-server,https://github.com/github/github-mcp-server,create_gist,MCP005,INFO,destructiveHint,omitted,false,true,"annotations omit ""destructiveHint""; effective value is true",Annotation coverage: 'destructiveHint' was not explicitly specified; its effective MCP default is true.,COVERAGE_INFO,"destructiveHint is omitted; its effective MCP default is true. This is coverage information, not a vulnerability classification.",
github/github-mcp-server,https://github.com/github/github-mcp-server,create_gist,MCP005,INFO,idempotentHint,omitted,false,false,"annotations omit ""idempotentHint""; effective value is false",Annotation coverage: 'idempotentHint' was not explicitly specified; its effective MCP default is false.,COVERAGE_INFO,"idempotentHint is omitted; its effective MCP default is false. This is coverage information, not a vulnerability classification.",
github/github-mcp-server,https://github.com/github/github-mcp-server,create_gist,MCP005,INFO,openWorldHint,omitted,false,true,"annotations omit ""openWorldHint""; effective value is true",Annotation coverage: 'openWorldHint' was not explicitly specified; its effective MCP default is true.,COVERAGE_INFO,"openWorldHint is omitted; its effective MCP default is true. This is coverage information, not a vulnerability classification.",
github/github-mcp-server,https://github.com/github/github-mcp-server,create_or_update_file,MCP005,INFO,destructiveHint,omitted,false,true,"annotations omit ""destructiveHint""; effective value is true",Annotation coverage: 'destructiveHint' was not explicitly specified; its effective MCP default is true.,COVERAGE_INFO,"destructiveHint is omitted; its effective MCP default is true. This is coverage information, not a vulnerability classification.",
github/github-mcp-server,https://github.com/github/github-mcp-server,create_or_update_file,MCP005,INFO,idempotentHint,omitted,false,false,"annotations omit ""idempotentHint""; effective value is false",Annotation coverage: 'idempotentHint' was not explicitly specified; its effective MCP default is false.,COVERAGE_INFO,"idempotentHint is omitted; its effective MCP default is false. This is coverage information, not a vulnerability classification.",
github/github-mcp-server,https://github.com/github/github-mcp-server,create_or_update_file,MCP005,INFO,openWorldHint,omitted,false,true,"annotations omit ""openWorldHint""; effective value is true",Annotation coverage: 'openWorldHint' was not explicitly specified; its effective MCP default is true.,COVERAGE_INFO,"openWorldHint is omitted; its effective MCP default is true. This is coverage information, not a vulnerability classification.",
github/github-mcp-server,https://github.com/github/github-mcp-server,create_pull_request,MCP005,INFO,destructiveHint,omitted,false,true,"annotations omit ""destructiveHint""; effective value is true",Annotation coverage: 'destructiveHint' was not explicitly specified; its effective MCP default is true.,COVERAGE_INFO,"destructiveHint is omitted; its effective MCP default is true. This is coverage information, not a vulnerability classification.",
github/github-mcp-server,https://github.com/github/github-mcp-server,create_pull_request,MCP005,INFO,idempotentHint,omitted,false,false,"annotations omit ""idempotentHint""; effective value is false",Annotation coverage: 'idempotentHint' was not explicitly specified; its effective MCP default is false.,COVERAGE_INFO,"idempotentHint is omitted; its effective MCP default is false. This is coverage information, not a vulnerability classification.",
github/github-mcp-server,https://github.com/github/github-mcp-server,create_pull_request,MCP005,INFO,openWorldHint,omitted,false,true,"annotations omit ""openWorldHint""; effective value is true",Annotation coverage: 'openWorldHint' was not explicitly specified; its effective MCP default is true.,COVERAGE_INFO,"openWorldHint is omitted; its effective MCP default is true. This is coverage information, not a vulnerability classification.",
github/github-mcp-server,https://github.com/github/github-mcp-server,create_repository,MCP005,INFO,destructiveHint,omitted,false,true,"annotations omit ""destructiveHint""; effective value is true",Annotation coverage: 'destructiveHint' was not explicitly specified; its effective MCP default is true.,COVERAGE_INFO,"destructiveHint is omitted; its effective MCP default is true. This is coverage information, not a vulnerability classification.",
github/github-mcp-server,https://github.com/github/github-mcp-server,create_repository,MCP005,INFO,idempotentHint,omitted,false,false,"annotations omit ""idempotentHint""; effective value is false",Annotation coverage: 'idempotentHint' was not explicitly specified; its effective MCP default is false.,COVERAGE_INFO,"idempotentHint is omitted; its effective MCP default is false. This is coverage information, not a vulnerability classification.",
github/github-mcp-server,https://github.com/github/github-mcp-server,create_repository,MCP005,INFO,openWorldHint,omitted,false,true,"annotations omit ""openWorldHint""; effective value is true",Annotation coverage: 'openWorldHint' was not explicitly specified; its effective MCP default is true.,COVERAGE_INFO,"openWorldHint is omitted; its effective MCP default is true. This is coverage information, not a vulnerability classification.",
github/github-mcp-server,https://github.com/github/github-mcp-server,delete_file,MCP005,INFO,idempotentHint,omitted,false,false,"annotations omit ""idempotentHint""; effective value is false",Annotation coverage: 'idempotentHint' was not explicitly specified; its effective MCP default is false.,COVERAGE_INFO,"idempotentHint is omitted; its effective MCP default is false. This is coverage information, not a vulnerability classification.",
github/github-mcp-server,https://github.com/github/github-mcp-server,delete_file,MCP005,INFO,openWorldHint,omitted,false,true,"annotations omit ""openWorldHint""; effective value is true",Annotation coverage: 'openWorldHint' was not explicitly specified; its effective MCP default is true.,COVERAGE_INFO,"openWorldHint is omitted; its effective MCP default is true. This is coverage information, not a vulnerability classification.",
github/github-mcp-server,https://github.com/github/github-mcp-server,discussion_comment_write,MCP005,INFO,idempotentHint,omitted,false,false,"annotations omit ""idempotentHint""; effective value is false",Annotation coverage: 'idempotentHint' was not explicitly specified; its effective MCP default is false.,COVERAGE_INFO,"idempotentHint is omitted; its effective MCP default is false. This is coverage information, not a vulnerability classification.",
github/github-mcp-server,https://github.com/github/github-mcp-server,discussion_comment_write,MCP005,INFO,openWorldHint,omitted,false,true,"annotations omit ""openWorldHint""; effective value is true",Annotation coverage: 'openWorldHint' was not explicitly specified; its effective MCP default is true.,COVERAGE_INFO,"openWorldHint is omitted; its effective MCP default is true. This is coverage information, not a vulnerability classification.",
github/github-mcp-server,https://github.com/github/github-mcp-server,dismiss_notification,MCP005,INFO,destructiveHint,omitted,false,true,"annotations omit ""destructiveHint""; effective value is true",Annotation coverage: 'destructiveHint' was not explicitly specified; its effective MCP default is true.,COVERAGE_INFO,"destructiveHint is omitted; its effective MCP default is true. This is coverage information, not a vulnerability classification.",
github/github-mcp-server,https://github.com/github/github-mcp-server,dismiss_notification,MCP005,INFO,idempotentHint,omitted,false,false,"annotations omit ""idempotentHint""; effective value is false",Annotation coverage: 'idempotentHint' was not explicitly specified; its effective MCP default is false.,COVERAGE_INFO,"idempotentHint is omitted; its effective MCP default is false. This is coverage information, not a vulnerability classification.",
github/github-mcp-server,https://github.com/github/github-mcp-server,dismiss_notification,MCP005,INFO,openWorldHint,omitted,false,true,"annotations omit ""openWorldHint""; effective value is true",Annotation coverage: 'openWorldHint' was not explicitly specified; its effective MCP default is true.,COVERAGE_INFO,"openWorldHint is omitted; its effective MCP default is true. This is coverage information, not a vulnerability classification.",
github/github-mcp-server,https://github.com/github/github-mcp-server,fork_repository,MCP005,INFO,destructiveHint,omitted,false,true,"annotations omit ""destructiveHint""; effective value is true",Annotation coverage: 'destructiveHint' was not explicitly specified; its effective MCP default is true.,COVERAGE_INFO,"destructiveHint is omitted; its effective MCP default is true. This is coverage information, not a vulnerability classification.",
github/github-mcp-server,https://github.com/github/github-mcp-server,fork_repository,MCP005,INFO,idempotentHint,omitted,false,false,"annotations omit ""idempotentHint""; effective value is false",Annotation coverage: 'idempotentHint' was not explicitly specified; its effective MCP default is false.,COVERAGE_INFO,"idempotentHint is omitted; its effective MCP default is false. This is coverage information, not a vulnerability classification.",
github/github-mcp-server,https://github.com/github/github-mcp-server,fork_repository,MCP005,INFO,openWorldHint,omitted,false,true,"annotations omit ""openWorldHint""; effective value is true",Annotation coverage: 'openWorldHint' was not explicitly specified; its effective MCP default is true.,COVERAGE_INFO,"openWorldHint is omitted; its effective MCP default is true. This is coverage information, not a vulnerability classification.",
github/github-mcp-server,https://github.com/github/github-mcp-server,get_code_quality_finding,MCP005,INFO,openWorldHint,omitted,false,true,"annotations omit ""openWorldHint""; effective value is true",Annotation coverage: 'openWorldHint' was not explicitly specified; its effective MCP default is true.,COVERAGE_INFO,"openWorldHint is omitted; its effective MCP default is true. This is coverage information, not a vulnerability classification.",
github/github-mcp-server,https://github.com/github/github-mcp-server,get_code_scanning_alert,MCP005,INFO,openWorldHint,omitted,false,true,"annotations omit ""openWorldHint""; effective value is true",Annotation coverage: 'openWorldHint' was not explicitly specified; its effective MCP default is true.,COVERAGE_INFO,"openWorldHint is omitted; its effective MCP default is true. This is coverage information, not a vulnerability classification.",
github/github-mcp-server,https://github.com/github/github-mcp-server,get_commit,MCP005,INFO,openWorldHint,omitted,false,true,"annotations omit ""openWorldHint""; effective value is true",Annotation coverage: 'openWorldHint' was not explicitly specified; its effective MCP default is true.,COVERAGE_INFO,"openWorldHint is omitted; its effective MCP default is true. This is coverage information, not a vulnerability classification.",
github/github-mcp-server,https://github.com/github/github-mcp-server,get_dependabot_alert,MCP005,INFO,openWorldHint,omitted,false,true,"annotations omit ""openWorldHint""; effective value is true",Annotation coverage: 'openWorldHint' was not explicitly specified; its effective MCP default is true.,COVERAGE_INFO,"openWorldHint is omitted; its effective MCP default is true. This is coverage information, not a vulnerability classification.",
github/github-mcp-server,https://github.com/github/github-mcp-server,get_discussion,MCP005,INFO,openWorldHint,omitted,false,true,"annotations omit ""openWorldHint""; effective value is true",Annotation coverage: 'openWorldHint' was not explicitly specified; its effective MCP default is true.,COVERAGE_INFO,"openWorldHint is omitted; its effective MCP default is true. This is coverage information, not a vulnerability classification.",
github/github-mcp-server,https://github.com/github/github-mcp-server,get_discussion_comments,MCP005,INFO,openWorldHint,omitted,false,true,"annotations omit ""openWorldHint""; effective value is true",Annotation coverage: 'openWorldHint' was not explicitly specified; its effective MCP default is true.,COVERAGE_INFO,"openWorldHint is omitted; its effective MCP default is true. This is coverage information, not a vulnerability classification.",
github/github-mcp-server,https://github.com/github/github-mcp-server,get_file_contents,MCP005,INFO,openWorldHint,omitted,false,true,"annotations omit ""openWorldHint""; effective value is true",Annotation coverage: 'openWorldHint' was not explicitly specified; its effective MCP default is true.,COVERAGE_INFO,"openWorldHint is omitted; its effective MCP default is true. This is coverage information, not a vulnerability classification.",
github/github-mcp-server,https://github.com/github/github-mcp-server,get_gist,MCP005,INFO,openWorldHint,omitted,false,true,"annotations omit ""openWorldHint""; effective value is true",Annotation coverage: 'openWorldHint' was not explicitly specified; its effective MCP default is true.,COVERAGE_INFO,"openWorldHint is omitted; its effective MCP default is true. This is coverage information, not a vulnerability classification.",
github/github-mcp-server,https://github.com/github/github-mcp-server,get_global_security_advisory,MCP005,INFO,openWorldHint,omitted,false,true,"annotations omit ""openWorldHint""; effective value is true",Annotation coverage: 'openWorldHint' was not explicitly specified; its effective MCP default is true.,COVERAGE_INFO,"openWorldHint is omitted; its effective MCP default is true. This is coverage information, not a vulnerability classification.",
github/github-mcp-server,https://github.com/github/github-mcp-server,get_job_logs,MCP005,INFO,openWorldHint,omitted,false,true,"annotations omit ""openWorldHint""; effective value is true",Annotation coverage: 'openWorldHint' was not explicitly specified; its effective MCP default is true.,COVERAGE_INFO,"openWorldHint is omitted; its effective MCP default is true. This is coverage information, not a vulnerability classification.",
github/github-mcp-server,https://github.com/github/github-mcp-server,get_label,MCP005,INFO,openWorldHint,omitted,false,true,"annotations omit ""openWorldHint""; effective value is true",Annotation coverage: 'openWorldHint' was not explicitly specified; its effective MCP default is true.,COVERAGE_INFO,"openWorldHint is omitted; its effective MCP default is true. This is coverage information, not a vulnerability classification.",
github/github-mcp-server,https://github.com/github/github-mcp-server,get_latest_release,MCP005,INFO,openWorldHint,omitted,false,true,"annotations omit ""openWorldHint""; effective value is true",Annotation coverage: 'openWorldHint' was not explicitly specified; its effective MCP default is true.,COVERAGE_INFO,"openWorldHint is omitted; its effective MCP default is true. This is coverage information, not a vulnerability classification.",
github/github-mcp-server,https://github.com/github/github-mcp-server,get_me,MCP005,INFO,openWorldHint,omitted,false,true,"annotations omit ""openWorldHint""; effective value is true",Annotation coverage: 'openWorldHint' was not explicitly specified; its effective MCP default is true.,COVERAGE_INFO,"openWorldHint is omitted; its effective MCP default is true. This is coverage information, not a vulnerability classification.",
github/github-mcp-server,https://github.com/github/github-mcp-server,get_notification_details,MCP005,INFO,openWorldHint,omitted,false,true,"annotations omit ""openWorldHint""; effective value is true",Annotation coverage: 'openWorldHint' was not explicitly specified; its effective MCP default is true.,COVERAGE_INFO,"openWorldHint is omitted; its effective MCP default is true. This is coverage information, not a vulnerability classification.",
github/github-mcp-server,https://github.com/github/github-mcp-server,get_release_by_tag,MCP005,INFO,openWorldHint,omitted,false,true,"annotations omit ""openWorldHint""; effective value is true",Annotation coverage: 'openWorldHint' was not explicitly specified; its effective MCP default is true.,COVERAGE_INFO,"openWorldHint is omitted; its effective MCP default is true. This is coverage information, not a vulnerability classification.",
github/github-mcp-server,https://github.com/github/github-mcp-server,get_repository_tree,MCP005,INFO,openWorldHint,omitted,false,true,"annotations omit ""openWorldHint""; effective value is true",Annotation coverage: 'openWorldHint' was not explicitly specified; its effective MCP default is true.,COVERAGE_INFO,"openWorldHint is omitted; its effective MCP default is true. This is coverage information, not a vulnerability classification.",
github/github-mcp-server,https://github.com/github/github-mcp-server,get_secret_scanning_alert,MCP005,INFO,openWorldHint,omitted,false,true,"annotations omit ""openWorldHint""; effective value is true",Annotation coverage: 'openWorldHint' was not explicitly specified; its effective MCP default is true.,COVERAGE_INFO,"openWorldHint is omitted; its effective MCP default is true. This is coverage information, not a vulnerability classification.",
github/github-mcp-server,https://github.com/github/github-mcp-server,get_tag,MCP005,INFO,openWorldHint,omitted,false,true,"annotations omit ""openWorldHint""; effective value is true",Annotation coverage: 'openWorldHint' was not explicitly specified; its effective MCP default is true.,COVERAGE_INFO,"openWorldHint is omitted; its effective MCP default is true. This is coverage information, not a vulnerability classification.",
github/github-mcp-server,https://github.com/github/github-mcp-server,get_team_members,MCP005,INFO,openWorldHint,omitted,false,true,"annotations omit ""openWorldHint""; effective value is true",Annotation coverage: 'openWorldHint' was not explicitly specified; its effective MCP default is true.,COVERAGE_INFO,"openWorldHint is omitted; its effective MCP default is true. This is coverage information, not a vulnerability classification.",
github/github-mcp-server,https://github.com/github/github-mcp-server,get_teams,MCP005,INFO,openWorldHint,omitted,false,true,"annotations omit ""openWorldHint""; effective value is true",Annotation coverage: 'openWorldHint' was not explicitly specified; its effective MCP default is true.,COVERAGE_INFO,"openWorldHint is omitted; its effective MCP default is true. This is coverage information, not a vulnerability classification.",
github/github-mcp-server,https://github.com/github/github-mcp-server,issue_read,MCP005,INFO,openWorldHint,omitted,false,true,"annotations omit ""openWorldHint""; effective value is true",Annotation coverage: 'openWorldHint' was not explicitly specified; its effective MCP default is true.,COVERAGE_INFO,"openWorldHint is omitted; its effective MCP default is true. This is coverage information, not a vulnerability classification.",
github/github-mcp-server,https://github.com/github/github-mcp-server,issue_write,MCP005,INFO,destructiveHint,omitted,false,true,"annotations omit ""destructiveHint""; effective value is true",Annotation coverage: 'destructiveHint' was not explicitly specified; its effective MCP default is true.,COVERAGE_INFO,"destructiveHint is omitted; its effective MCP default is true. This is coverage information, not a vulnerability classification.",
github/github-mcp-server,https://github.com/github/github-mcp-server,issue_write,MCP005,INFO,idempotentHint,omitted,false,false,"annotations omit ""idempotentHint""; effective value is false",Annotation coverage: 'idempotentHint' was not explicitly specified; its effective MCP default is false.,COVERAGE_INFO,"idempotentHint is omitted; its effective MCP default is false. This is coverage information, not a vulnerability classification.",
github/github-mcp-server,https://github.com/github/github-mcp-server,issue_write,MCP005,INFO,openWorldHint,omitted,false,true,"annotations omit ""openWorldHint""; effective value is true",Annotation coverage: 'openWorldHint' was not explicitly specified; its effective MCP default is true.,COVERAGE_INFO,"openWorldHint is omitted; its effective MCP default is true. This is coverage information, not a vulnerability classification.",
github/github-mcp-server,https://github.com/github/github-mcp-server,label_write,MCP005,INFO,idempotentHint,omitted,false,false,"annotations omit ""idempotentHint""; effective value is false",Annotation coverage: 'idempotentHint' was not explicitly specified; its effective MCP default is false.,COVERAGE_INFO,"idempotentHint is omitted; its effective MCP default is false. This is coverage information, not a vulnerability classification.",
github/github-mcp-server,https://github.com/github/github-mcp-server,label_write,MCP005,INFO,openWorldHint,omitted,false,true,"annotations omit ""openWorldHint""; effective value is true",Annotation coverage: 'openWorldHint' was not explicitly specified; its effective MCP default is true.,COVERAGE_INFO,"openWorldHint is omitted; its effective MCP default is true. This is coverage information, not a vulnerability classification.",
github/github-mcp-server,https://github.com/github/github-mcp-server,list_branches,MCP005,INFO,openWorldHint,omitted,false,true,"annotations omit ""openWorldHint""; effective value is true",Annotation coverage: 'openWorldHint' was not explicitly specified; its effective MCP default is true.,COVERAGE_INFO,"openWorldHint is omitted; its effective MCP default is true. This is coverage information, not a vulnerability classification.",
github/github-mcp-server,https://github.com/github/github-mcp-server,list_code_scanning_alerts,MCP005,INFO,openWorldHint,omitted,false,true,"annotations omit ""openWorldHint""; effective value is true",Annotation coverage: 'openWorldHint' was not explicitly specified; its effective MCP default is true.,COVERAGE_INFO,"openWorldHint is omitted; its effective MCP default is true. This is coverage information, not a vulnerability classification.",
github/github-mcp-server,https://github.com/github/github-mcp-server,list_commits,MCP005,INFO,openWorldHint,omitted,false,true,"annotations omit ""openWorldHint""; effective value is true",Annotation coverage: 'openWorldHint' was not explicitly specified; its effective MCP default is true.,COVERAGE_INFO,"openWorldHint is omitted; its effective MCP default is true. This is coverage information, not a vulnerability classification.",
github/github-mcp-server,https://github.com/github/github-mcp-server,list_dependabot_alerts,MCP005,INFO,openWorldHint,omitted,false,true,"annotations omit ""openWorldHint""; effective value is true",Annotation coverage: 'openWorldHint' was not explicitly specified; its effective MCP default is true.,COVERAGE_INFO,"openWorldHint is omitted; its effective MCP default is true. This is coverage information, not a vulnerability classification.",
github/github-mcp-server,https://github.com/github/github-mcp-server,list_discussion_categories,MCP005,INFO,openWorldHint,omitted,false,true,"annotations omit ""openWorldHint""; effective value is true",Annotation coverage: 'openWorldHint' was not explicitly specified; its effective MCP default is true.,COVERAGE_INFO,"openWorldHint is omitted; its effective MCP default is true. This is coverage information, not a vulnerability classification.",
github/github-mcp-server,https://github.com/github/github-mcp-server,list_discussions,MCP005,INFO,openWorldHint,omitted,false,true,"annotations omit ""openWorldHint""; effective value is true",Annotation coverage: 'openWorldHint' was not explicitly specified; its effective MCP default is true.,COVERAGE_INFO,"openWorldHint is omitted; its effective MCP default is true. This is coverage information, not a vulnerability classification.",
github/github-mcp-server,https://github.com/github/github-mcp-server,list_gists,MCP005,INFO,openWorldHint,omitted,false,true,"annotations omit ""openWorldHint""; effective value is true",Annotation coverage: 'openWorldHint' was not explicitly specified; its effective MCP default is true.,COVERAGE_INFO,"openWorldHint is omitted; its effective MCP default is true. This is coverage information, not a vulnerability classification.",
github/github-mcp-server,https://github.com/github/github-mcp-server,list_global_security_advisories,MCP005,INFO,openWorldHint,omitted,false,true,"annotations omit ""openWorldHint""; effective value is true",Annotation coverage: 'openWorldHint' was not explicitly specified; its effective MCP default is true.,COVERAGE_INFO,"openWorldHint is omitted; its effective MCP default is true. This is coverage information, not a vulnerability classification.",
github/github-mcp-server,https://github.com/github/github-mcp-server,list_issue_fields,MCP005,INFO,openWorldHint,omitted,false,true,"annotations omit ""openWorldHint""; effective value is true",Annotation coverage: 'openWorldHint' was not explicitly specified; its effective MCP default is true.,COVERAGE_INFO,"openWorldHint is omitted; its effective MCP default is true. This is coverage information, not a vulnerability classification.",
github/github-mcp-server,https://github.com/github/github-mcp-server,list_issue_types,MCP005,INFO,openWorldHint,omitted,false,true,"annotations omit ""openWorldHint""; effective value is true",Annotation coverage: 'openWorldHint' was not explicitly specified; its effective MCP default is true.,COVERAGE_INFO,"openWorldHint is omitted; its effective MCP default is true. This is coverage information, not a vulnerability classification.",
github/github-mcp-server,https://github.com/github/github-mcp-server,list_issues,MCP005,INFO,openWorldHint,omitted,false,true,"annotations omit ""openWorldHint""; effective value is true",Annotation coverage: 'openWorldHint' was not explicitly specified; its effective MCP default is true.,COVERAGE_INFO,"openWorldHint is omitted; its effective MCP default is true. This is coverage information, not a vulnerability classification.",
github/github-mcp-server,https://github.com/github/github-mcp-server,list_label,MCP005,INFO,openWorldHint,omitted,false,true,"annotations omit ""openWorldHint""; effective value is true",Annotation coverage: 'openWorldHint' was not explicitly specified; its effective MCP default is true.,COVERAGE_INFO,"openWorldHint is omitted; its effective MCP default is true. This is coverage information, not a vulnerability classification.",
github/github-mcp-server,https://github.com/github/github-mcp-server,list_notifications,MCP001,WARN,readOnlyHint,true,true,true,"description contains ""...ions, review requests, assignments, and updates on issues or pull requests. Use this tool whenever the user asks what to...""",Potential annotation mismatch: tool text may conflict with effective readOnlyHint=true. Review recommended.,FALSE_POSITIVE,The matched word 'updates' is a noun describing notifications. The handler only invokes GitHub list-notifications APIs and serializes their response.,pkg/github/notifications.go:29-155 calls Activity.ListNotifications or Activity.ListRepositoryNotifications.
github/github-mcp-server,https://github.com/github/github-mcp-server,list_notifications,MCP005,INFO,openWorldHint,omitted,false,true,"annotations omit ""openWorldHint""; effective value is true",Annotation coverage: 'openWorldHint' was not explicitly specified; its effective MCP default is true.,COVERAGE_INFO,"openWorldHint is omitted; its effective MCP default is true. This is coverage information, not a vulnerability classification.",
github/github-mcp-server,https://github.com/github/github-mcp-server,list_org_repository_security_advisories,MCP005,INFO,openWorldHint,omitted,false,true,"annotations omit ""openWorldHint""; effective value is true",Annotation coverage: 'openWorldHint' was not explicitly specified; its effective MCP default is true.,COVERAGE_INFO,"openWorldHint is omitted; its effective MCP default is true. This is coverage information, not a vulnerability classification.",
github/github-mcp-server,https://github.com/github/github-mcp-server,list_pull_requests,MCP005,INFO,openWorldHint,omitted,false,true,"annotations omit ""openWorldHint""; effective value is true",Annotation coverage: 'openWorldHint' was not explicitly specified; its effective MCP default is true.,COVERAGE_INFO,"openWorldHint is omitted; its effective MCP default is true. This is coverage information, not a vulnerability classification.",
github/github-mcp-server,https://github.com/github/github-mcp-server,list_releases,MCP005,INFO,openWorldHint,omitted,false,true,"annotations omit ""openWorldHint""; effective value is true",Annotation coverage: 'openWorldHint' was not explicitly specified; its effective MCP default is true.,COVERAGE_INFO,"openWorldHint is omitted; its effective MCP default is true. This is coverage information, not a vulnerability classification.",
github/github-mcp-server,https://github.com/github/github-mcp-server,list_repository_collaborators,MCP005,INFO,openWorldHint,omitted,false,true,"annotations omit ""openWorldHint""; effective value is true",Annotation coverage: 'openWorldHint' was not explicitly specified; its effective MCP default is true.,COVERAGE_INFO,"openWorldHint is omitted; its effective MCP default is true. This is coverage information, not a vulnerability classification.",
github/github-mcp-server,https://github.com/github/github-mcp-server,list_repository_security_advisories,MCP005,INFO,openWorldHint,omitted,false,true,"annotations omit ""openWorldHint""; effective value is true",Annotation coverage: 'openWorldHint' was not explicitly specified; its effective MCP default is true.,COVERAGE_INFO,"openWorldHint is omitted; its effective MCP default is true. This is coverage information, not a vulnerability classification.",
github/github-mcp-server,https://github.com/github/github-mcp-server,list_secret_scanning_alerts,MCP005,INFO,openWorldHint,omitted,false,true,"annotations omit ""openWorldHint""; effective value is true",Annotation coverage: 'openWorldHint' was not explicitly specified; its effective MCP default is true.,COVERAGE_INFO,"openWorldHint is omitted; its effective MCP default is true. This is coverage information, not a vulnerability classification.",
github/github-mcp-server,https://github.com/github/github-mcp-server,list_starred_repositories,MCP005,INFO,openWorldHint,omitted,false,true,"annotations omit ""openWorldHint""; effective value is true",Annotation coverage: 'openWorldHint' was not explicitly specified; its effective MCP default is true.,COVERAGE_INFO,"openWorldHint is omitted; its effective MCP default is true. This is coverage information, not a vulnerability classification.",
github/github-mcp-server,https://github.com/github/github-mcp-server,list_tags,MCP005,INFO,openWorldHint,omitted,false,true,"annotations omit ""openWorldHint""; effective value is true",Annotation coverage: 'openWorldHint' was not explicitly specified; its effective MCP default is true.,COVERAGE_INFO,"openWorldHint is omitted; its effective MCP default is true. This is coverage information, not a vulnerability classification.",
github/github-mcp-server,https://github.com/github/github-mcp-server,manage_notification_subscription,MCP005,INFO,destructiveHint,omitted,false,true,"annotations omit ""destructiveHint""; effective value is true",Annotation coverage: 'destructiveHint' was not explicitly specified; its effective MCP default is true.,COVERAGE_INFO,"destructiveHint is omitted; its effective MCP default is true. This is coverage information, not a vulnerability classification.",
github/github-mcp-server,https://github.com/github/github-mcp-server,manage_notification_subscription,MCP005,INFO,idempotentHint,omitted,false,false,"annotations omit ""idempotentHint""; effective value is false",Annotation coverage: 'idempotentHint' was not explicitly specified; its effective MCP default is false.,COVERAGE_INFO,"idempotentHint is omitted; its effective MCP default is false. This is coverage information, not a vulnerability classification.",
github/github-mcp-server,https://github.com/github/github-mcp-server,manage_notification_subscription,MCP005,INFO,openWorldHint,omitted,false,true,"annotations omit ""openWorldHint""; effective value is true",Annotation coverage: 'openWorldHint' was not explicitly specified; its effective MCP default is true.,COVERAGE_INFO,"openWorldHint is omitted; its effective MCP default is true. This is coverage information, not a vulnerability classification.",
github/github-mcp-server,https://github.com/github/github-mcp-server,manage_repository_notification_subscription,MCP005,INFO,destructiveHint,omitted,false,true,"annotations omit ""destructiveHint""; effective value is true",Annotation coverage: 'destructiveHint' was not explicitly specified; its effective MCP default is true.,COVERAGE_INFO,"destructiveHint is omitted; its effective MCP default is true. This is coverage information, not a vulnerability classification.",
github/github-mcp-server,https://github.com/github/github-mcp-server,manage_repository_notification_subscription,MCP005,INFO,idempotentHint,omitted,false,false,"annotations omit ""idempotentHint""; effective value is false",Annotation coverage: 'idempotentHint' was not explicitly specified; its effective MCP default is false.,COVERAGE_INFO,"idempotentHint is omitted; its effective MCP default is false. This is coverage information, not a vulnerability classification.",
github/github-mcp-server,https://github.com/github/github-mcp-server,manage_repository_notification_subscription,MCP005,INFO,openWorldHint,omitted,false,true,"annotations omit ""openWorldHint""; effective value is true",Annotation coverage: 'openWorldHint' was not explicitly specified; its effective MCP default is true.,COVERAGE_INFO,"openWorldHint is omitted; its effective MCP default is true. This is coverage information, not a vulnerability classification.",
github/github-mcp-server,https://github.com/github/github-mcp-server,mark_all_notifications_read,MCP005,INFO,destructiveHint,omitted,false,true,"annotations omit ""destructiveHint""; effective value is true",Annotation coverage: 'destructiveHint' was not explicitly specified; its effective MCP default is true.,COVERAGE_INFO,"destructiveHint is omitted; its effective MCP default is true. This is coverage information, not a vulnerability classification.",
github/github-mcp-server,https://github.com/github/github-mcp-server,mark_all_notifications_read,MCP005,INFO,idempotentHint,omitted,false,false,"annotations omit ""idempotentHint""; effective value is false",Annotation coverage: 'idempotentHint' was not explicitly specified; its effective MCP default is false.,COVERAGE_INFO,"idempotentHint is omitted; its effective MCP default is false. This is coverage information, not a vulnerability classification.",
github/github-mcp-server,https://github.com/github/github-mcp-server,mark_all_notifications_read,MCP005,INFO,openWorldHint,omitted,false,true,"annotations omit ""openWorldHint""; effective value is true",Annotation coverage: 'openWorldHint' was not explicitly specified; its effective MCP default is true.,COVERAGE_INFO,"openWorldHint is omitted; its effective MCP default is true. This is coverage information, not a vulnerability classification.",
github/github-mcp-server,https://github.com/github/github-mcp-server,merge_pull_request,MCP005,INFO,destructiveHint,omitted,false,true,"annotations omit ""destructiveHint""; effective value is true",Annotation coverage: 'destructiveHint' was not explicitly specified; its effective MCP default is true.,COVERAGE_INFO,"destructiveHint is omitted; its effective MCP default is true. This is coverage information, not a vulnerability classification.",
github/github-mcp-server,https://github.com/github/github-mcp-server,merge_pull_request,MCP005,INFO,idempotentHint,omitted,false,false,"annotations omit ""idempotentHint""; effective value is false",Annotation coverage: 'idempotentHint' was not explicitly specified; its effective MCP default is false.,COVERAGE_INFO,"idempotentHint is omitted; its effective MCP default is false. This is coverage information, not a vulnerability classification.",
github/github-mcp-server,https://github.com/github/github-mcp-server,merge_pull_request,MCP005,INFO,openWorldHint,omitted,false,true,"annotations omit ""openWorldHint""; effective value is true",Annotation coverage: 'openWorldHint' was not explicitly specified; its effective MCP default is true.,COVERAGE_INFO,"openWorldHint is omitted; its effective MCP default is true. This is coverage information, not a vulnerability classification.",
github/github-mcp-server,https://github.com/github/github-mcp-server,projects_get,MCP005,INFO,openWorldHint,omitted,false,true,"annotations omit ""openWorldHint""; effective value is true",Annotation coverage: 'openWorldHint' was not explicitly specified; its effective MCP default is true.,COVERAGE_INFO,"openWorldHint is omitted; its effective MCP default is true. This is coverage information, not a vulnerability classification.",
github/github-mcp-server,https://github.com/github/github-mcp-server,projects_list,MCP005,INFO,openWorldHint,omitted,false,true,"annotations omit ""openWorldHint""; effective value is true",Annotation coverage: 'openWorldHint' was not explicitly specified; its effective MCP default is true.,COVERAGE_INFO,"openWorldHint is omitted; its effective MCP default is true. This is coverage information, not a vulnerability classification.",
github/github-mcp-server,https://github.com/github/github-mcp-server,projects_write,MCP005,INFO,idempotentHint,omitted,false,false,"annotations omit ""idempotentHint""; effective value is false",Annotation coverage: 'idempotentHint' was not explicitly specified; its effective MCP default is false.,COVERAGE_INFO,"idempotentHint is omitted; its effective MCP default is false. This is coverage information, not a vulnerability classification.",
github/github-mcp-server,https://github.com/github/github-mcp-server,projects_write,MCP005,INFO,openWorldHint,omitted,false,true,"annotations omit ""openWorldHint""; effective value is true",Annotation coverage: 'openWorldHint' was not explicitly specified; its effective MCP default is true.,COVERAGE_INFO,"openWorldHint is omitted; its effective MCP default is true. This is coverage information, not a vulnerability classification.",
github/github-mcp-server,https://github.com/github/github-mcp-server,pull_request_read,MCP005,INFO,openWorldHint,omitted,false,true,"annotations omit ""openWorldHint""; effective value is true",Annotation coverage: 'openWorldHint' was not explicitly specified; its effective MCP default is true.,COVERAGE_INFO,"openWorldHint is omitted; its effective MCP default is true. This is coverage information, not a vulnerability classification.",
github/github-mcp-server,https://github.com/github/github-mcp-server,pull_request_review_write,MCP005,INFO,destructiveHint,omitted,false,true,"annotations omit ""destructiveHint""; effective value is true",Annotation coverage: 'destructiveHint' was not explicitly specified; its effective MCP default is true.,COVERAGE_INFO,"destructiveHint is omitted; its effective MCP default is true. This is coverage information, not a vulnerability classification.",
github/github-mcp-server,https://github.com/github/github-mcp-server,pull_request_review_write,MCP005,INFO,idempotentHint,omitted,false,false,"annotations omit ""idempotentHint""; effective value is false",Annotation coverage: 'idempotentHint' was not explicitly specified; its effective MCP default is false.,COVERAGE_INFO,"idempotentHint is omitted; its effective MCP default is false. This is coverage information, not a vulnerability classification.",
github/github-mcp-server,https://github.com/github/github-mcp-server,pull_request_review_write,MCP005,INFO,openWorldHint,omitted,false,true,"annotations omit ""openWorldHint""; effective value is true",Annotation coverage: 'openWorldHint' was not explicitly specified; its effective MCP default is true.,COVERAGE_INFO,"openWorldHint is omitted; its effective MCP default is true. This is coverage information, not a vulnerability classification.",
github/github-mcp-server,https://github.com/github/github-mcp-server,push_files,MCP005,INFO,destructiveHint,omitted,false,true,"annotations omit ""destructiveHint""; effective value is true",Annotation coverage: 'destructiveHint' was not explicitly specified; its effective MCP default is true.,COVERAGE_INFO,"destructiveHint is omitted; its effective MCP default is true. This is coverage information, not a vulnerability classification.",
github/github-mcp-server,https://github.com/github/github-mcp-server,push_files,MCP005,INFO,idempotentHint,omitted,false,false,"annotations omit ""idempotentHint""; effective value is false",Annotation coverage: 'idempotentHint' was not explicitly specified; its effective MCP default is false.,COVERAGE_INFO,"idempotentHint is omitted; its effective MCP default is false. This is coverage information, not a vulnerability classification.",
github/github-mcp-server,https://github.com/github/github-mcp-server,push_files,MCP005,INFO,openWorldHint,omitted,false,true,"annotations omit ""openWorldHint""; effective value is true",Annotation coverage: 'openWorldHint' was not explicitly specified; its effective MCP default is true.,COVERAGE_INFO,"openWorldHint is omitted; its effective MCP default is true. This is coverage information, not a vulnerability classification.",
github/github-mcp-server,https://github.com/github/github-mcp-server,request_copilot_review,MCP005,INFO,destructiveHint,omitted,false,true,"annotations omit ""destructiveHint""; effective value is true",Annotation coverage: 'destructiveHint' was not explicitly specified; its effective MCP default is true.,COVERAGE_INFO,"destructiveHint is omitted; its effective MCP default is true. This is coverage information, not a vulnerability classification.",
github/github-mcp-server,https://github.com/github/github-mcp-server,request_copilot_review,MCP005,INFO,idempotentHint,omitted,false,false,"annotations omit ""idempotentHint""; effective value is false",Annotation coverage: 'idempotentHint' was not explicitly specified; its effective MCP default is false.,COVERAGE_INFO,"idempotentHint is omitted; its effective MCP default is false. This is coverage information, not a vulnerability classification.",
github/github-mcp-server,https://github.com/github/github-mcp-server,request_copilot_review,MCP005,INFO,openWorldHint,omitted,false,true,"annotations omit ""openWorldHint""; effective value is true",Annotation coverage: 'openWorldHint' was not explicitly specified; its effective MCP default is true.,COVERAGE_INFO,"openWorldHint is omitted; its effective MCP default is true. This is coverage information, not a vulnerability classification.",
github/github-mcp-server,https://github.com/github/github-mcp-server,search_code,MCP005,INFO,openWorldHint,omitted,false,true,"annotations omit ""openWorldHint""; effective value is true",Annotation coverage: 'openWorldHint' was not explicitly specified; its effective MCP default is true.,COVERAGE_INFO,"openWorldHint is omitted; its effective MCP default is true. This is coverage information, not a vulnerability classification.",
github/github-mcp-server,https://github.com/github/github-mcp-server,search_commits,MCP005,INFO,openWorldHint,omitted,false,true,"annotations omit ""openWorldHint""; effective value is true",Annotation coverage: 'openWorldHint' was not explicitly specified; its effective MCP default is true.,COVERAGE_INFO,"openWorldHint is omitted; its effective MCP default is true. This is coverage information, not a vulnerability classification.",
github/github-mcp-server,https://github.com/github/github-mcp-server,search_issues,MCP001,WARN,readOnlyHint,true,true,true,"description contains ""...ching. Best for conceptual or paraphrased queries (e.g. \""login fails after password reset\""). Already scoped to is:issue.""",Potential annotation mismatch: tool text may conflict with effective readOnlyHint=true. Review recommended.,FALSE_POSITIVE,The matched word 'reset' occurs inside an example query ('password reset'). The handler performs issue search and read-only enrichment.,pkg/github/issues.go:1618-1698 defines the example; pkg/github/issues.go:2023-2060 calls client.Search.Issues.
github/github-mcp-server,https://github.com/github/github-mcp-server,search_issues,MCP005,INFO,openWorldHint,omitted,false,true,"annotations omit ""openWorldHint""; effective value is true",Annotation coverage: 'openWorldHint' was not explicitly specified; its effective MCP default is true.,COVERAGE_INFO,"openWorldHint is omitted; its effective MCP default is true. This is coverage information, not a vulnerability classification.",
github/github-mcp-server,https://github.com/github/github-mcp-server,search_orgs,MCP005,INFO,openWorldHint,omitted,false,true,"annotations omit ""openWorldHint""; effective value is true",Annotation coverage: 'openWorldHint' was not explicitly specified; its effective MCP default is true.,COVERAGE_INFO,"openWorldHint is omitted; its effective MCP default is true. This is coverage information, not a vulnerability classification.",
github/github-mcp-server,https://github.com/github/github-mcp-server,search_pull_requests,MCP005,INFO,openWorldHint,omitted,false,true,"annotations omit ""openWorldHint""; effective value is true",Annotation coverage: 'openWorldHint' was not explicitly specified; its effective MCP default is true.,COVERAGE_INFO,"openWorldHint is omitted; its effective MCP default is true. This is coverage information, not a vulnerability classification.",
github/github-mcp-server,https://github.com/github/github-mcp-server,search_repositories,MCP005,INFO,openWorldHint,omitted,false,true,"annotations omit ""openWorldHint""; effective value is true",Annotation coverage: 'openWorldHint' was not explicitly specified; its effective MCP default is true.,COVERAGE_INFO,"openWorldHint is omitted; its effective MCP default is true. This is coverage information, not a vulnerability classification.",
github/github-mcp-server,https://github.com/github/github-mcp-server,search_users,MCP005,INFO,openWorldHint,omitted,false,true,"annotations omit ""openWorldHint""; effective value is true",Annotation coverage: 'openWorldHint' was not explicitly specified; its effective MCP default is true.,COVERAGE_INFO,"openWorldHint is omitted; its effective MCP default is true. This is coverage information, not a vulnerability classification.",
github/github-mcp-server,https://github.com/github/github-mcp-server,star_repository,MCP005,INFO,destructiveHint,omitted,false,true,"annotations omit ""destructiveHint""; effective value is true",Annotation coverage: 'destructiveHint' was not explicitly specified; its effective MCP default is true.,COVERAGE_INFO,"destructiveHint is omitted; its effective MCP default is true. This is coverage information, not a vulnerability classification.",
github/github-mcp-server,https://github.com/github/github-mcp-server,star_repository,MCP005,INFO,idempotentHint,omitted,false,false,"annotations omit ""idempotentHint""; effective value is false",Annotation coverage: 'idempotentHint' was not explicitly specified; its effective MCP default is false.,COVERAGE_INFO,"idempotentHint is omitted; its effective MCP default is false. This is coverage information, not a vulnerability classification.",
github/github-mcp-server,https://github.com/github/github-mcp-server,star_repository,MCP005,INFO,openWorldHint,omitted,false,true,"annotations omit ""openWorldHint""; effective value is true",Annotation coverage: 'openWorldHint' was not explicitly specified; its effective MCP default is true.,COVERAGE_INFO,"openWorldHint is omitted; its effective MCP default is true. This is coverage information, not a vulnerability classification.",
github/github-mcp-server,https://github.com/github/github-mcp-server,sub_issue_write,MCP005,INFO,destructiveHint,omitted,false,true,"annotations omit ""destructiveHint""; effective value is true",Annotation coverage: 'destructiveHint' was not explicitly specified; its effective MCP default is true.,COVERAGE_INFO,"destructiveHint is omitted; its effective MCP default is true. This is coverage information, not a vulnerability classification.",
github/github-mcp-server,https://github.com/github/github-mcp-server,sub_issue_write,MCP005,INFO,idempotentHint,omitted,false,false,"annotations omit ""idempotentHint""; effective value is false",Annotation coverage: 'idempotentHint' was not explicitly specified; its effective MCP default is false.,COVERAGE_INFO,"idempotentHint is omitted; its effective MCP default is false. This is coverage information, not a vulnerability classification.",
github/github-mcp-server,https://github.com/github/github-mcp-server,sub_issue_write,MCP005,INFO,openWorldHint,omitted,false,true,"annotations omit ""openWorldHint""; effective value is true",Annotation coverage: 'openWorldHint' was not explicitly specified; its effective MCP default is true.,COVERAGE_INFO,"openWorldHint is omitted; its effective MCP default is true. This is coverage information, not a vulnerability classification.",
github/github-mcp-server,https://github.com/github/github-mcp-server,unstar_repository,MCP005,INFO,destructiveHint,omitted,false,true,"annotations omit ""destructiveHint""; effective value is true",Annotation coverage: 'destructiveHint' was not explicitly specified; its effective MCP default is true.,COVERAGE_INFO,"destructiveHint is omitted; its effective MCP default is true. This is coverage information, not a vulnerability classification.",
github/github-mcp-server,https://github.com/github/github-mcp-server,unstar_repository,MCP005,INFO,idempotentHint,omitted,false,false,"annotations omit ""idempotentHint""; effective value is false",Annotation coverage: 'idempotentHint' was not explicitly specified; its effective MCP default is false.,COVERAGE_INFO,"idempotentHint is omitted; its effective MCP default is false. This is coverage information, not a vulnerability classification.",
github/github-mcp-server,https://github.com/github/github-mcp-server,unstar_repository,MCP005,INFO,openWorldHint,omitted,false,true,"annotations omit ""openWorldHint""; effective value is true",Annotation coverage: 'openWorldHint' was not explicitly specified; its effective MCP default is true.,COVERAGE_INFO,"openWorldHint is omitted; its effective MCP default is true. This is coverage information, not a vulnerability classification.",
github/github-mcp-server,https://github.com/github/github-mcp-server,update_gist,MCP005,INFO,destructiveHint,omitted,false,true,"annotations omit ""destructiveHint""; effective value is true",Annotation coverage: 'destructiveHint' was not explicitly specified; its effective MCP default is true.,COVERAGE_INFO,"destructiveHint is omitted; its effective MCP default is true. This is coverage information, not a vulnerability classification.",
github/github-mcp-server,https://github.com/github/github-mcp-server,update_gist,MCP005,INFO,idempotentHint,omitted,false,false,"annotations omit ""idempotentHint""; effective value is false",Annotation coverage: 'idempotentHint' was not explicitly specified; its effective MCP default is false.,COVERAGE_INFO,"idempotentHint is omitted; its effective MCP default is false. This is coverage information, not a vulnerability classification.",
github/github-mcp-server,https://github.com/github/github-mcp-server,update_gist,MCP005,INFO,openWorldHint,omitted,false,true,"annotations omit ""openWorldHint""; effective value is true",Annotation coverage: 'openWorldHint' was not explicitly specified; its effective MCP default is true.,COVERAGE_INFO,"openWorldHint is omitted; its effective MCP default is true. This is coverage information, not a vulnerability classification.",
github/github-mcp-server,https://github.com/github/github-mcp-server,update_pull_request,MCP005,INFO,destructiveHint,omitted,false,true,"annotations omit ""destructiveHint""; effective value is true",Annotation coverage: 'destructiveHint' was not explicitly specified; its effective MCP default is true.,COVERAGE_INFO,"destructiveHint is omitted; its effective MCP default is true. This is coverage information, not a vulnerability classification.",
github/github-mcp-server,https://github.com/github/github-mcp-server,update_pull_request,MCP005,INFO,idempotentHint,omitted,false,false,"annotations omit ""idempotentHint""; effective value is false",Annotation coverage: 'idempotentHint' was not explicitly specified; its effective MCP default is false.,COVERAGE_INFO,"idempotentHint is omitted; its effective MCP default is false. This is coverage information, not a vulnerability classification.",
github/github-mcp-server,https://github.com/github/github-mcp-server,update_pull_request,MCP005,INFO,openWorldHint,omitted,false,true,"annotations omit ""openWorldHint""; effective value is true",Annotation coverage: 'openWorldHint' was not explicitly specified; its effective MCP default is true.,COVERAGE_INFO,"openWorldHint is omitted; its effective MCP default is true. This is coverage information, not a vulnerability classification.",
github/github-mcp-server,https://github.com/github/github-mcp-server,update_pull_request_branch,MCP005,INFO,destructiveHint,omitted,false,true,"annotations omit ""destructiveHint""; effective value is true",Annotation coverage: 'destructiveHint' was not explicitly specified; its effective MCP default is true.,COVERAGE_INFO,"destructiveHint is omitted; its effective MCP default is true. This is coverage information, not a vulnerability classification.",
github/github-mcp-server,https://github.com/github/github-mcp-server,update_pull_request_branch,MCP005,INFO,idempotentHint,omitted,false,false,"annotations omit ""idempotentHint""; effective value is false",Annotation coverage: 'idempotentHint' was not explicitly specified; its effective MCP default is false.,COVERAGE_INFO,"idempotentHint is omitted; its effective MCP default is false. This is coverage information, not a vulnerability classification.",
github/github-mcp-server,https://github.com/github/github-mcp-server,update_pull_request_branch,MCP005,INFO,openWorldHint,omitted,false,true,"annotations omit ""openWorldHint""; effective value is true",Annotation coverage: 'openWorldHint' was not explicitly specified; its effective MCP default is true.,COVERAGE_INFO,"openWorldHint is omitted; its effective MCP default is true. This is coverage information, not a vulnerability classification.",
korotovsky/slack-mcp-server,https://github.com/korotovsky/slack-mcp-server,conversations_history,MCP005,INFO,openWorldHint,omitted,false,true,"annotations omit ""openWorldHint""; effective value is true",Annotation coverage: 'openWorldHint' was not explicitly specified; its effective MCP default is true.,COVERAGE_INFO,"openWorldHint is omitted; its effective MCP default is true. This is coverage information, not a vulnerability classification.",
korotovsky/slack-mcp-server,https://github.com/korotovsky/slack-mcp-server,conversations_replies,MCP005,INFO,openWorldHint,omitted,false,true,"annotations omit ""openWorldHint""; effective value is true",Annotation coverage: 'openWorldHint' was not explicitly specified; its effective MCP default is true.,COVERAGE_INFO,"openWorldHint is omitted; its effective MCP default is true. This is coverage information, not a vulnerability classification.",
korotovsky/slack-mcp-server,https://github.com/korotovsky/slack-mcp-server,conversations_add_message,MCP005,INFO,readOnlyHint,omitted,false,false,"annotations omit ""readOnlyHint""; effective value is false",Annotation coverage: 'readOnlyHint' was not explicitly specified; its effective MCP default is false.,COVERAGE_INFO,"readOnlyHint is omitted; its effective MCP default is false. This is coverage information, not a vulnerability classification.",
korotovsky/slack-mcp-server,https://github.com/korotovsky/slack-mcp-server,conversations_add_message,MCP005,INFO,idempotentHint,omitted,false,false,"annotations omit ""idempotentHint""; effective value is false",Annotation coverage: 'idempotentHint' was not explicitly specified; its effective MCP default is false.,COVERAGE_INFO,"idempotentHint is omitted; its effective MCP default is false. This is coverage information, not a vulnerability classification.",
korotovsky/slack-mcp-server,https://github.com/korotovsky/slack-mcp-server,conversations_add_message,MCP005,INFO,openWorldHint,omitted,false,true,"annotations omit ""openWorldHint""; effective value is true",Annotation coverage: 'openWorldHint' was not explicitly specified; its effective MCP default is true.,COVERAGE_INFO,"openWorldHint is omitted; its effective MCP default is true. This is coverage information, not a vulnerability classification.",
korotovsky/slack-mcp-server,https://github.com/korotovsky/slack-mcp-server,reactions_add,MCP005,INFO,readOnlyHint,omitted,false,false,"annotations omit ""readOnlyHint""; effective value is false",Annotation coverage: 'readOnlyHint' was not explicitly specified; its effective MCP default is false.,COVERAGE_INFO,"readOnlyHint is omitted; its effective MCP default is false. This is coverage information, not a vulnerability classification.",
korotovsky/slack-mcp-server,https://github.com/korotovsky/slack-mcp-server,reactions_add,MCP005,INFO,idempotentHint,omitted,false,false,"annotations omit ""idempotentHint""; effective value is false",Annotation coverage: 'idempotentHint' was not explicitly specified; its effective MCP default is false.,COVERAGE_INFO,"idempotentHint is omitted; its effective MCP default is false. This is coverage information, not a vulnerability classification.",
korotovsky/slack-mcp-server,https://github.com/korotovsky/slack-mcp-server,reactions_add,MCP005,INFO,openWorldHint,omitted,false,true,"annotations omit ""openWorldHint""; effective value is true",Annotation coverage: 'openWorldHint' was not explicitly specified; its effective MCP default is true.,COVERAGE_INFO,"openWorldHint is omitted; its effective MCP default is true. This is coverage information, not a vulnerability classification.",
korotovsky/slack-mcp-server,https://github.com/korotovsky/slack-mcp-server,reactions_remove,MCP005,INFO,readOnlyHint,omitted,false,false,"annotations omit ""readOnlyHint""; effective value is false",Annotation coverage: 'readOnlyHint' was not explicitly specified; its effective MCP default is false.,COVERAGE_INFO,"readOnlyHint is omitted; its effective MCP default is false. This is coverage information, not a vulnerability classification.",
korotovsky/slack-mcp-server,https://github.com/korotovsky/slack-mcp-server,reactions_remove,MCP005,INFO,idempotentHint,omitted,false,false,"annotations omit ""idempotentHint""; effective value is false",Annotation coverage: 'idempotentHint' was not explicitly specified; its effective MCP default is false.,COVERAGE_INFO,"idempotentHint is omitted; its effective MCP default is false. This is coverage information, not a vulnerability classification.",
korotovsky/slack-mcp-server,https://github.com/korotovsky/slack-mcp-server,reactions_remove,MCP005,INFO,openWorldHint,omitted,false,true,"annotations omit ""openWorldHint""; effective value is true",Annotation coverage: 'openWorldHint' was not explicitly specified; its effective MCP default is true.,COVERAGE_INFO,"openWorldHint is omitted; its effective MCP default is true. This is coverage information, not a vulnerability classification.",
korotovsky/slack-mcp-server,https://github.com/korotovsky/slack-mcp-server,attachment_get_data,MCP005,INFO,openWorldHint,omitted,false,true,"annotations omit ""openWorldHint""; effective value is true",Annotation coverage: 'openWorldHint' was not explicitly specified; its effective MCP default is true.,COVERAGE_INFO,"openWorldHint is omitted; its effective MCP default is true. This is coverage information, not a vulnerability classification.",
korotovsky/slack-mcp-server,https://github.com/korotovsky/slack-mcp-server,conversations_search_messages,MCP005,INFO,openWorldHint,omitted,false,true,"annotations omit ""openWorldHint""; effective value is true",Annotation coverage: 'openWorldHint' was not explicitly specified; its effective MCP default is true.,COVERAGE_INFO,"openWorldHint is omitted; its effective MCP default is true. This is coverage information, not a vulnerability classification.",
korotovsky/slack-mcp-server,https://github.com/korotovsky/slack-mcp-server,users_search,MCP005,INFO,openWorldHint,omitted,false,true,"annotations omit ""openWorldHint""; effective value is true",Annotation coverage: 'openWorldHint' was not explicitly specified; its effective MCP default is true.,COVERAGE_INFO,"openWorldHint is omitted; its effective MCP default is true. This is coverage information, not a vulnerability classification.",
korotovsky/slack-mcp-server,https://github.com/korotovsky/slack-mcp-server,conversations_unreads,MCP005,INFO,openWorldHint,omitted,false,true,"annotations omit ""openWorldHint""; effective value is true",Annotation coverage: 'openWorldHint' was not explicitly specified; its effective MCP default is true.,COVERAGE_INFO,"openWorldHint is omitted; its effective MCP default is true. This is coverage information, not a vulnerability classification.",
korotovsky/slack-mcp-server,https://github.com/korotovsky/slack-mcp-server,conversations_mark,MCP005,INFO,readOnlyHint,omitted,false,false,"annotations omit ""readOnlyHint""; effective value is false",Annotation coverage: 'readOnlyHint' was not explicitly specified; its effective MCP default is false.,COVERAGE_INFO,"readOnlyHint is omitted; its effective MCP default is false. This is coverage information, not a vulnerability classification.",
korotovsky/slack-mcp-server,https://github.com/korotovsky/slack-mcp-server,conversations_mark,MCP005,INFO,idempotentHint,omitted,false,false,"annotations omit ""idempotentHint""; effective value is false",Annotation coverage: 'idempotentHint' was not explicitly specified; its effective MCP default is false.,COVERAGE_INFO,"idempotentHint is omitted; its effective MCP default is false. This is coverage information, not a vulnerability classification.",
korotovsky/slack-mcp-server,https://github.com/korotovsky/slack-mcp-server,conversations_mark,MCP005,INFO,openWorldHint,omitted,false,true,"annotations omit ""openWorldHint""; effective value is true",Annotation coverage: 'openWorldHint' was not explicitly specified; its effective MCP default is true.,COVERAGE_INFO,"openWorldHint is omitted; its effective MCP default is true. This is coverage information, not a vulnerability classification.",
korotovsky/slack-mcp-server,https://github.com/korotovsky/slack-mcp-server,conversations_leave,MCP005,INFO,readOnlyHint,omitted,false,false,"annotations omit ""readOnlyHint""; effective value is false",Annotation coverage: 'readOnlyHint' was not explicitly specified; its effective MCP default is false.,COVERAGE_INFO,"readOnlyHint is omitted; its effective MCP default is false. This is coverage information, not a vulnerability classification.",
korotovsky/slack-mcp-server,https://github.com/korotovsky/slack-mcp-server,conversations_leave,MCP005,INFO,idempotentHint,omitted,false,false,"annotations omit ""idempotentHint""; effective value is false",Annotation coverage: 'idempotentHint' was not explicitly specified; its effective MCP default is false.,COVERAGE_INFO,"idempotentHint is omitted; its effective MCP default is false. This is coverage information, not a vulnerability classification.",
korotovsky/slack-mcp-server,https://github.com/korotovsky/slack-mcp-server,conversations_leave,MCP005,INFO,openWorldHint,omitted,false,true,"annotations omit ""openWorldHint""; effective value is true",Annotation coverage: 'openWorldHint' was not explicitly specified; its effective MCP default is true.,COVERAGE_INFO,"openWorldHint is omitted; its effective MCP default is true. This is coverage information, not a vulnerability classification.",
korotovsky/slack-mcp-server,https://github.com/korotovsky/slack-mcp-server,conversations_join,MCP005,INFO,readOnlyHint,omitted,false,false,"annotations omit ""readOnlyHint""; effective value is false",Annotation coverage: 'readOnlyHint' was not explicitly specified; its effective MCP default is false.,COVERAGE_INFO,"readOnlyHint is omitted; its effective MCP default is false. This is coverage information, not a vulnerability classification.",
korotovsky/slack-mcp-server,https://github.com/korotovsky/slack-mcp-server,conversations_join,MCP005,INFO,destructiveHint,omitted,false,true,"annotations omit ""destructiveHint""; effective value is true",Annotation coverage: 'destructiveHint' was not explicitly specified; its effective MCP default is true.,COVERAGE_INFO,"destructiveHint is omitted; its effective MCP default is true. This is coverage information, not a vulnerability classification.",
korotovsky/slack-mcp-server,https://github.com/korotovsky/slack-mcp-server,conversations_join,MCP005,INFO,openWorldHint,omitted,false,true,"annotations omit ""openWorldHint""; effective value is true",Annotation coverage: 'openWorldHint' was not explicitly specified; its effective MCP default is true.,COVERAGE_INFO,"openWorldHint is omitted; its effective MCP default is true. This is coverage information, not a vulnerability classification.",
korotovsky/slack-mcp-server,https://github.com/korotovsky/slack-mcp-server,channels_list,MCP005,INFO,openWorldHint,omitted,false,true,"annotations omit ""openWorldHint""; effective value is true",Annotation coverage: 'openWorldHint' was not explicitly specified; its effective MCP default is true.,COVERAGE_INFO,"openWorldHint is omitted; its effective MCP default is true. This is coverage information, not a vulnerability classification.",
korotovsky/slack-mcp-server,https://github.com/korotovsky/slack-mcp-server,channels_me,MCP005,INFO,openWorldHint,omitted,false,true,"annotations omit ""openWorldHint""; effective value is true",Annotation coverage: 'openWorldHint' was not explicitly specified; its effective MCP default is true.,COVERAGE_INFO,"openWorldHint is omitted; its effective MCP default is true. This is coverage information, not a vulnerability classification.",
korotovsky/slack-mcp-server,https://github.com/korotovsky/slack-mcp-server,usergroups_list,MCP001,WARN,readOnlyHint,true,true,true,"description contains ""...ts, or find a group's ID before joining/updating it. Returns CSV with columns: id, name, handle, description, user_count...""",Potential annotation mismatch: tool text may conflict with effective readOnlyHint=true. Review recommended.,FALSE_POSITIVE,'joining/updating' describes later uses of the returned group ID rather than this tool's behavior. The handler only retrieves and formats user groups.,pkg/server/server.go:443-459; pkg/handler/usergroups.go:42-91 calls GetUserGroupsContext.
korotovsky/slack-mcp-server,https://github.com/korotovsky/slack-mcp-server,usergroups_list,MCP005,INFO,openWorldHint,omitted,false,true,"annotations omit ""openWorldHint""; effective value is true",Annotation coverage: 'openWorldHint' was not explicitly specified; its effective MCP default is true.,COVERAGE_INFO,"openWorldHint is omitted; its effective MCP default is true. This is coverage information, not a vulnerability classification.",
korotovsky/slack-mcp-server,https://github.com/korotovsky/slack-mcp-server,usergroups_me,MCP005,INFO,readOnlyHint,omitted,false,false,"annotations omit ""readOnlyHint""; effective value is false",Annotation coverage: 'readOnlyHint' was not explicitly specified; its effective MCP default is false.,COVERAGE_INFO,"readOnlyHint is omitted; its effective MCP default is false. This is coverage information, not a vulnerability classification.",
korotovsky/slack-mcp-server,https://github.com/korotovsky/slack-mcp-server,usergroups_me,MCP005,INFO,destructiveHint,omitted,false,true,"annotations omit ""destructiveHint""; effective value is true",Annotation coverage: 'destructiveHint' was not explicitly specified; its effective MCP default is true.,COVERAGE_INFO,"destructiveHint is omitted; its effective MCP default is true. This is coverage information, not a vulnerability classification.",
korotovsky/slack-mcp-server,https://github.com/korotovsky/slack-mcp-server,usergroups_me,MCP005,INFO,idempotentHint,omitted,false,false,"annotations omit ""idempotentHint""; effective value is false",Annotation coverage: 'idempotentHint' was not explicitly specified; its effective MCP default is false.,COVERAGE_INFO,"idempotentHint is omitted; its effective MCP default is false. This is coverage information, not a vulnerability classification.",
korotovsky/slack-mcp-server,https://github.com/korotovsky/slack-mcp-server,usergroups_me,MCP005,INFO,openWorldHint,omitted,false,true,"annotations omit ""openWorldHint""; effective value is true",Annotation coverage: 'openWorldHint' was not explicitly specified; its effective MCP default is true.,COVERAGE_INFO,"openWorldHint is omitted; its effective MCP default is true. This is coverage information, not a vulnerability classification.",
korotovsky/slack-mcp-server,https://github.com/korotovsky/slack-mcp-server,usergroups_create,MCP005,INFO,readOnlyHint,omitted,false,false,"annotations omit ""readOnlyHint""; effective value is false",Annotation coverage: 'readOnlyHint' was not explicitly specified; its effective MCP default is false.,COVERAGE_INFO,"readOnlyHint is omitted; its effective MCP default is false. This is coverage information, not a vulnerability classification.",
korotovsky/slack-mcp-server,https://github.com/korotovsky/slack-mcp-server,usergroups_create,MCP005,INFO,idempotentHint,omitted,false,false,"annotations omit ""idempotentHint""; effective value is false",Annotation coverage: 'idempotentHint' was not explicitly specified; its effective MCP default is false.,COVERAGE_INFO,"idempotentHint is omitted; its effective MCP default is false. This is coverage information, not a vulnerability classification.",
korotovsky/slack-mcp-server,https://github.com/korotovsky/slack-mcp-server,usergroups_create,MCP005,INFO,openWorldHint,omitted,false,true,"annotations omit ""openWorldHint""; effective value is true",Annotation coverage: 'openWorldHint' was not explicitly specified; its effective MCP default is true.,COVERAGE_INFO,"openWorldHint is omitted; its effective MCP default is true. This is coverage information, not a vulnerability classification.",
korotovsky/slack-mcp-server,https://github.com/korotovsky/slack-mcp-server,usergroups_update,MCP005,INFO,readOnlyHint,omitted,false,false,"annotations omit ""readOnlyHint""; effective value is false",Annotation coverage: 'readOnlyHint' was not explicitly specified; its effective MCP default is false.,COVERAGE_INFO,"readOnlyHint is omitted; its effective MCP default is false. This is coverage information, not a vulnerability classification.",
korotovsky/slack-mcp-server,https://github.com/korotovsky/slack-mcp-server,usergroups_update,MCP005,INFO,idempotentHint,omitted,false,false,"annotations omit ""idempotentHint""; effective value is false",Annotation coverage: 'idempotentHint' was not explicitly specified; its effective MCP default is false.,COVERAGE_INFO,"idempotentHint is omitted; its effective MCP default is false. This is coverage information, not a vulnerability classification.",
korotovsky/slack-mcp-server,https://github.com/korotovsky/slack-mcp-server,usergroups_update,MCP005,INFO,openWorldHint,omitted,false,true,"annotations omit ""openWorldHint""; effective value is true",Annotation coverage: 'openWorldHint' was not explicitly specified; its effective MCP default is true.,COVERAGE_INFO,"openWorldHint is omitted; its effective MCP default is true. This is coverage information, not a vulnerability classification.",
korotovsky/slack-mcp-server,https://github.com/korotovsky/slack-mcp-server,usergroups_users_update,MCP005,INFO,readOnlyHint,omitted,false,false,"annotations omit ""readOnlyHint""; effective value is false",Annotation coverage: 'readOnlyHint' was not explicitly specified; its effective MCP default is false.,COVERAGE_INFO,"readOnlyHint is omitted; its effective MCP default is false. This is coverage information, not a vulnerability classification.",
korotovsky/slack-mcp-server,https://github.com/korotovsky/slack-mcp-server,usergroups_users_update,MCP005,INFO,idempotentHint,omitted,false,false,"annotations omit ""idempotentHint""; effective value is false",Annotation coverage: 'idempotentHint' was not explicitly specified; its effective MCP default is false.,COVERAGE_INFO,"idempotentHint is omitted; its effective MCP default is false. This is coverage information, not a vulnerability classification.",
korotovsky/slack-mcp-server,https://github.com/korotovsky/slack-mcp-server,usergroups_users_update,MCP005,INFO,openWorldHint,omitted,false,true,"annotations omit ""openWorldHint""; effective value is true",Annotation coverage: 'openWorldHint' was not explicitly specified; its effective MCP default is true.,COVERAGE_INFO,"openWorldHint is omitted; its effective MCP default is true. This is coverage information, not a vulnerability classification.",
korotovsky/slack-mcp-server,https://github.com/korotovsky/slack-mcp-server,saved_list,MCP005,INFO,openWorldHint,omitted,false,true,"annotations omit ""openWorldHint""; effective value is true",Annotation coverage: 'openWorldHint' was not explicitly specified; its effective MCP default is true.,COVERAGE_INFO,"openWorldHint is omitted; its effective MCP default is true. This is coverage information, not a vulnerability classification.",
korotovsky/slack-mcp-server,https://github.com/korotovsky/slack-mcp-server,saved_update,MCP005,INFO,readOnlyHint,omitted,false,false,"annotations omit ""readOnlyHint""; effective value is false",Annotation coverage: 'readOnlyHint' was not explicitly specified; its effective MCP default is false.,COVERAGE_INFO,"readOnlyHint is omitted; its effective MCP default is false. This is coverage information, not a vulnerability classification.",
korotovsky/slack-mcp-server,https://github.com/korotovsky/slack-mcp-server,saved_update,MCP005,INFO,idempotentHint,omitted,false,false,"annotations omit ""idempotentHint""; effective value is false",Annotation coverage: 'idempotentHint' was not explicitly specified; its effective MCP default is false.,COVERAGE_INFO,"idempotentHint is omitted; its effective MCP default is false. This is coverage information, not a vulnerability classification.",
korotovsky/slack-mcp-server,https://github.com/korotovsky/slack-mcp-server,saved_update,MCP005,INFO,openWorldHint,omitted,false,true,"annotations omit ""openWorldHint""; effective value is true",Annotation coverage: 'openWorldHint' was not explicitly specified; its effective MCP default is true.,COVERAGE_INFO,"openWorldHint is omitted; its effective MCP default is true. This is coverage information, not a vulnerability classification.",
korotovsky/slack-mcp-server,https://github.com/korotovsky/slack-mcp-server,saved_clear_completed,MCP005,INFO,readOnlyHint,omitted,false,false,"annotations omit ""readOnlyHint""; effective value is false",Annotation coverage: 'readOnlyHint' was not explicitly specified; its effective MCP default is false.,COVERAGE_INFO,"readOnlyHint is omitted; its effective MCP default is false. This is coverage information, not a vulnerability classification.",
korotovsky/slack-mcp-server,https://github.com/korotovsky/slack-mcp-server,saved_clear_completed,MCP005,INFO,idempotentHint,omitted,false,false,"annotations omit ""idempotentHint""; effective value is false",Annotation coverage: 'idempotentHint' was not explicitly specified; its effective MCP default is false.,COVERAGE_INFO,"idempotentHint is omitted; its effective MCP default is false. This is coverage information, not a vulnerability classification.",
korotovsky/slack-mcp-server,https://github.com/korotovsky/slack-mcp-server,saved_clear_completed,MCP005,INFO,openWorldHint,omitted,false,true,"annotations omit ""openWorldHint""; effective value is true",Annotation coverage: 'openWorldHint' was not explicitly specified; its effective MCP default is true.,COVERAGE_INFO,"openWorldHint is omitted; its effective MCP default is true. This is coverage information, not a vulnerability classification.",
makenotion/notion-mcp-server,https://github.com/makenotion/notion-mcp-server,API-get-user,MCP005,INFO,openWorldHint,omitted,false,true,"annotations omit ""openWorldHint""; effective value is true",Annotation coverage: 'openWorldHint' was not explicitly specified; its effective MCP default is true.,COVERAGE_INFO,"openWorldHint is omitted; its effective MCP default is true. This is coverage information, not a vulnerability classification.",
makenotion/notion-mcp-server,https://github.com/makenotion/notion-mcp-server,API-get-users,MCP005,INFO,openWorldHint,omitted,false,true,"annotations omit ""openWorldHint""; effective value is true",Annotation coverage: 'openWorldHint' was not explicitly specified; its effective MCP default is true.,COVERAGE_INFO,"openWorldHint is omitted; its effective MCP default is true. This is coverage information, not a vulnerability classification.",
makenotion/notion-mcp-server,https://github.com/makenotion/notion-mcp-server,API-get-self,MCP005,INFO,openWorldHint,omitted,false,true,"annotations omit ""openWorldHint""; effective value is true",Annotation coverage: 'openWorldHint' was not explicitly specified; its effective MCP default is true.,COVERAGE_INFO,"openWorldHint is omitted; its effective MCP default is true. This is coverage information, not a vulnerability classification.",
makenotion/notion-mcp-server,https://github.com/makenotion/notion-mcp-server,API-post-search,MCP005,INFO,readOnlyHint,omitted,false,false,"annotations omit ""readOnlyHint""; effective value is false",Annotation coverage: 'readOnlyHint' was not explicitly specified; its effective MCP default is false.,COVERAGE_INFO,"readOnlyHint is omitted; its effective MCP default is false. This is coverage information, not a vulnerability classification.",
makenotion/notion-mcp-server,https://github.com/makenotion/notion-mcp-server,API-post-search,MCP005,INFO,idempotentHint,omitted,false,false,"annotations omit ""idempotentHint""; effective value is false",Annotation coverage: 'idempotentHint' was not explicitly specified; its effective MCP default is false.,COVERAGE_INFO,"idempotentHint is omitted; its effective MCP default is false. This is coverage information, not a vulnerability classification.",
makenotion/notion-mcp-server,https://github.com/makenotion/notion-mcp-server,API-post-search,MCP005,INFO,openWorldHint,omitted,false,true,"annotations omit ""openWorldHint""; effective value is true",Annotation coverage: 'openWorldHint' was not explicitly specified; its effective MCP default is true.,COVERAGE_INFO,"openWorldHint is omitted; its effective MCP default is true. This is coverage information, not a vulnerability classification.",
makenotion/notion-mcp-server,https://github.com/makenotion/notion-mcp-server,API-get-block-children,MCP005,INFO,openWorldHint,omitted,false,true,"annotations omit ""openWorldHint""; effective value is true",Annotation coverage: 'openWorldHint' was not explicitly specified; its effective MCP default is true.,COVERAGE_INFO,"openWorldHint is omitted; its effective MCP default is true. This is coverage information, not a vulnerability classification.",
makenotion/notion-mcp-server,https://github.com/makenotion/notion-mcp-server,API-patch-block-children,MCP005,INFO,readOnlyHint,omitted,false,false,"annotations omit ""readOnlyHint""; effective value is false",Annotation coverage: 'readOnlyHint' was not explicitly specified; its effective MCP default is false.,COVERAGE_INFO,"readOnlyHint is omitted; its effective MCP default is false. This is coverage information, not a vulnerability classification.",
makenotion/notion-mcp-server,https://github.com/makenotion/notion-mcp-server,API-patch-block-children,MCP005,INFO,idempotentHint,omitted,false,false,"annotations omit ""idempotentHint""; effective value is false",Annotation coverage: 'idempotentHint' was not explicitly specified; its effective MCP default is false.,COVERAGE_INFO,"idempotentHint is omitted; its effective MCP default is false. This is coverage information, not a vulnerability classification.",
makenotion/notion-mcp-server,https://github.com/makenotion/notion-mcp-server,API-patch-block-children,MCP005,INFO,openWorldHint,omitted,false,true,"annotations omit ""openWorldHint""; effective value is true",Annotation coverage: 'openWorldHint' was not explicitly specified; its effective MCP default is true.,COVERAGE_INFO,"openWorldHint is omitted; its effective MCP default is true. This is coverage information, not a vulnerability classification.",
makenotion/notion-mcp-server,https://github.com/makenotion/notion-mcp-server,API-retrieve-a-block,MCP005,INFO,openWorldHint,omitted,false,true,"annotations omit ""openWorldHint""; effective value is true",Annotation coverage: 'openWorldHint' was not explicitly specified; its effective MCP default is true.,COVERAGE_INFO,"openWorldHint is omitted; its effective MCP default is true. This is coverage information, not a vulnerability classification.",
makenotion/notion-mcp-server,https://github.com/makenotion/notion-mcp-server,API-update-a-block,MCP005,INFO,readOnlyHint,omitted,false,false,"annotations omit ""readOnlyHint""; effective value is false",Annotation coverage: 'readOnlyHint' was not explicitly specified; its effective MCP default is false.,COVERAGE_INFO,"readOnlyHint is omitted; its effective MCP default is false. This is coverage information, not a vulnerability classification.",
makenotion/notion-mcp-server,https://github.com/makenotion/notion-mcp-server,API-update-a-block,MCP005,INFO,idempotentHint,omitted,false,false,"annotations omit ""idempotentHint""; effective value is false",Annotation coverage: 'idempotentHint' was not explicitly specified; its effective MCP default is false.,COVERAGE_INFO,"idempotentHint is omitted; its effective MCP default is false. This is coverage information, not a vulnerability classification.",
makenotion/notion-mcp-server,https://github.com/makenotion/notion-mcp-server,API-update-a-block,MCP005,INFO,openWorldHint,omitted,false,true,"annotations omit ""openWorldHint""; effective value is true",Annotation coverage: 'openWorldHint' was not explicitly specified; its effective MCP default is true.,COVERAGE_INFO,"openWorldHint is omitted; its effective MCP default is true. This is coverage information, not a vulnerability classification.",
makenotion/notion-mcp-server,https://github.com/makenotion/notion-mcp-server,API-delete-a-block,MCP005,INFO,readOnlyHint,omitted,false,false,"annotations omit ""readOnlyHint""; effective value is false",Annotation coverage: 'readOnlyHint' was not explicitly specified; its effective MCP default is false.,COVERAGE_INFO,"readOnlyHint is omitted; its effective MCP default is false. This is coverage information, not a vulnerability classification.",
makenotion/notion-mcp-server,https://github.com/makenotion/notion-mcp-server,API-delete-a-block,MCP005,INFO,idempotentHint,omitted,false,false,"annotations omit ""idempotentHint""; effective value is false",Annotation coverage: 'idempotentHint' was not explicitly specified; its effective MCP default is false.,COVERAGE_INFO,"idempotentHint is omitted; its effective MCP default is false. This is coverage information, not a vulnerability classification.",
makenotion/notion-mcp-server,https://github.com/makenotion/notion-mcp-server,API-delete-a-block,MCP005,INFO,openWorldHint,omitted,false,true,"annotations omit ""openWorldHint""; effective value is true",Annotation coverage: 'openWorldHint' was not explicitly specified; its effective MCP default is true.,COVERAGE_INFO,"openWorldHint is omitted; its effective MCP default is true. This is coverage information, not a vulnerability classification.",
makenotion/notion-mcp-server,https://github.com/makenotion/notion-mcp-server,API-retrieve-a-page,MCP005,INFO,openWorldHint,omitted,false,true,"annotations omit ""openWorldHint""; effective value is true",Annotation coverage: 'openWorldHint' was not explicitly specified; its effective MCP default is true.,COVERAGE_INFO,"openWorldHint is omitted; its effective MCP default is true. This is coverage information, not a vulnerability classification.",
makenotion/notion-mcp-server,https://github.com/makenotion/notion-mcp-server,API-patch-page,MCP005,INFO,readOnlyHint,omitted,false,false,"annotations omit ""readOnlyHint""; effective value is false",Annotation coverage: 'readOnlyHint' was not explicitly specified; its effective MCP default is false.,COVERAGE_INFO,"readOnlyHint is omitted; its effective MCP default is false. This is coverage information, not a vulnerability classification.",
makenotion/notion-mcp-server,https://github.com/makenotion/notion-mcp-server,API-patch-page,MCP005,INFO,idempotentHint,omitted,false,false,"annotations omit ""idempotentHint""; effective value is false",Annotation coverage: 'idempotentHint' was not explicitly specified; its effective MCP default is false.,COVERAGE_INFO,"idempotentHint is omitted; its effective MCP default is false. This is coverage information, not a vulnerability classification.",
makenotion/notion-mcp-server,https://github.com/makenotion/notion-mcp-server,API-patch-page,MCP005,INFO,openWorldHint,omitted,false,true,"annotations omit ""openWorldHint""; effective value is true",Annotation coverage: 'openWorldHint' was not explicitly specified; its effective MCP default is true.,COVERAGE_INFO,"openWorldHint is omitted; its effective MCP default is true. This is coverage information, not a vulnerability classification.",
makenotion/notion-mcp-server,https://github.com/makenotion/notion-mcp-server,API-post-page,MCP005,INFO,readOnlyHint,omitted,false,false,"annotations omit ""readOnlyHint""; effective value is false",Annotation coverage: 'readOnlyHint' was not explicitly specified; its effective MCP default is false.,COVERAGE_INFO,"readOnlyHint is omitted; its effective MCP default is false. This is coverage information, not a vulnerability classification.",
makenotion/notion-mcp-server,https://github.com/makenotion/notion-mcp-server,API-post-page,MCP005,INFO,idempotentHint,omitted,false,false,"annotations omit ""idempotentHint""; effective value is false",Annotation coverage: 'idempotentHint' was not explicitly specified; its effective MCP default is false.,COVERAGE_INFO,"idempotentHint is omitted; its effective MCP default is false. This is coverage information, not a vulnerability classification.",
makenotion/notion-mcp-server,https://github.com/makenotion/notion-mcp-server,API-post-page,MCP005,INFO,openWorldHint,omitted,false,true,"annotations omit ""openWorldHint""; effective value is true",Annotation coverage: 'openWorldHint' was not explicitly specified; its effective MCP default is true.,COVERAGE_INFO,"openWorldHint is omitted; its effective MCP default is true. This is coverage information, not a vulnerability classification.",
makenotion/notion-mcp-server,https://github.com/makenotion/notion-mcp-server,API-retrieve-a-page-property,MCP005,INFO,openWorldHint,omitted,false,true,"annotations omit ""openWorldHint""; effective value is true",Annotation coverage: 'openWorldHint' was not explicitly specified; its effective MCP default is true.,COVERAGE_INFO,"openWorldHint is omitted; its effective MCP default is true. This is coverage information, not a vulnerability classification.",
makenotion/notion-mcp-server,https://github.com/makenotion/notion-mcp-server,API-retrieve-a-comment,MCP005,INFO,openWorldHint,omitted,false,true,"annotations omit ""openWorldHint""; effective value is true",Annotation coverage: 'openWorldHint' was not explicitly specified; its effective MCP default is true.,COVERAGE_INFO,"openWorldHint is omitted; its effective MCP default is true. This is coverage information, not a vulnerability classification.",
makenotion/notion-mcp-server,https://github.com/makenotion/notion-mcp-server,API-create-a-comment,MCP005,INFO,readOnlyHint,omitted,false,false,"annotations omit ""readOnlyHint""; effective value is false",Annotation coverage: 'readOnlyHint' was not explicitly specified; its effective MCP default is false.,COVERAGE_INFO,"readOnlyHint is omitted; its effective MCP default is false. This is coverage information, not a vulnerability classification.",
makenotion/notion-mcp-server,https://github.com/makenotion/notion-mcp-server,API-create-a-comment,MCP005,INFO,idempotentHint,omitted,false,false,"annotations omit ""idempotentHint""; effective value is false",Annotation coverage: 'idempotentHint' was not explicitly specified; its effective MCP default is false.,COVERAGE_INFO,"idempotentHint is omitted; its effective MCP default is false. This is coverage information, not a vulnerability classification.",
makenotion/notion-mcp-server,https://github.com/makenotion/notion-mcp-server,API-create-a-comment,MCP005,INFO,openWorldHint,omitted,false,true,"annotations omit ""openWorldHint""; effective value is true",Annotation coverage: 'openWorldHint' was not explicitly specified; its effective MCP default is true.,COVERAGE_INFO,"openWorldHint is omitted; its effective MCP default is true. This is coverage information, not a vulnerability classification.",
makenotion/notion-mcp-server,https://github.com/makenotion/notion-mcp-server,API-query-data-source,MCP005,INFO,readOnlyHint,omitted,false,false,"annotations omit ""readOnlyHint""; effective value is false",Annotation coverage: 'readOnlyHint' was not explicitly specified; its effective MCP default is false.,COVERAGE_INFO,"readOnlyHint is omitted; its effective MCP default is false. This is coverage information, not a vulnerability classification.",
makenotion/notion-mcp-server,https://github.com/makenotion/notion-mcp-server,API-query-data-source,MCP005,INFO,idempotentHint,omitted,false,false,"annotations omit ""idempotentHint""; effective value is false",Annotation coverage: 'idempotentHint' was not explicitly specified; its effective MCP default is false.,COVERAGE_INFO,"idempotentHint is omitted; its effective MCP default is false. This is coverage information, not a vulnerability classification.",
makenotion/notion-mcp-server,https://github.com/makenotion/notion-mcp-server,API-query-data-source,MCP005,INFO,openWorldHint,omitted,false,true,"annotations omit ""openWorldHint""; effective value is true",Annotation coverage: 'openWorldHint' was not explicitly specified; its effective MCP default is true.,COVERAGE_INFO,"openWorldHint is omitted; its effective MCP default is true. This is coverage information, not a vulnerability classification.",
makenotion/notion-mcp-server,https://github.com/makenotion/notion-mcp-server,API-retrieve-a-data-source,MCP005,INFO,openWorldHint,omitted,false,true,"annotations omit ""openWorldHint""; effective value is true",Annotation coverage: 'openWorldHint' was not explicitly specified; its effective MCP default is true.,COVERAGE_INFO,"openWorldHint is omitted; its effective MCP default is true. This is coverage information, not a vulnerability classification.",
makenotion/notion-mcp-server,https://github.com/makenotion/notion-mcp-server,API-update-a-data-source,MCP005,INFO,readOnlyHint,omitted,false,false,"annotations omit ""readOnlyHint""; effective value is false",Annotation coverage: 'readOnlyHint' was not explicitly specified; its effective MCP default is false.,COVERAGE_INFO,"readOnlyHint is omitted; its effective MCP default is false. This is coverage information, not a vulnerability classification.",
makenotion/notion-mcp-server,https://github.com/makenotion/notion-mcp-server,API-update-a-data-source,MCP005,INFO,idempotentHint,omitted,false,false,"annotations omit ""idempotentHint""; effective value is false",Annotation coverage: 'idempotentHint' was not explicitly specified; its effective MCP default is false.,COVERAGE_INFO,"idempotentHint is omitted; its effective MCP default is false. This is coverage information, not a vulnerability classification.",
makenotion/notion-mcp-server,https://github.com/makenotion/notion-mcp-server,API-update-a-data-source,MCP005,INFO,openWorldHint,omitted,false,true,"annotations omit ""openWorldHint""; effective value is true",Annotation coverage: 'openWorldHint' was not explicitly specified; its effective MCP default is true.,COVERAGE_INFO,"openWorldHint is omitted; its effective MCP default is true. This is coverage information, not a vulnerability classification.",
makenotion/notion-mcp-server,https://github.com/makenotion/notion-mcp-server,API-create-a-data-source,MCP005,INFO,readOnlyHint,omitted,false,false,"annotations omit ""readOnlyHint""; effective value is false",Annotation coverage: 'readOnlyHint' was not explicitly specified; its effective MCP default is false.,COVERAGE_INFO,"readOnlyHint is omitted; its effective MCP default is false. This is coverage information, not a vulnerability classification.",
makenotion/notion-mcp-server,https://github.com/makenotion/notion-mcp-server,API-create-a-data-source,MCP005,INFO,idempotentHint,omitted,false,false,"annotations omit ""idempotentHint""; effective value is false",Annotation coverage: 'idempotentHint' was not explicitly specified; its effective MCP default is false.,COVERAGE_INFO,"idempotentHint is omitted; its effective MCP default is false. This is coverage information, not a vulnerability classification.",
makenotion/notion-mcp-server,https://github.com/makenotion/notion-mcp-server,API-create-a-data-source,MCP005,INFO,openWorldHint,omitted,false,true,"annotations omit ""openWorldHint""; effective value is true",Annotation coverage: 'openWorldHint' was not explicitly specified; its effective MCP default is true.,COVERAGE_INFO,"openWorldHint is omitted; its effective MCP default is true. This is coverage information, not a vulnerability classification.",
makenotion/notion-mcp-server,https://github.com/makenotion/notion-mcp-server,API-list-data-source-templates,MCP005,INFO,openWorldHint,omitted,false,true,"annotations omit ""openWorldHint""; effective value is true",Annotation coverage: 'openWorldHint' was not explicitly specified; its effective MCP default is true.,COVERAGE_INFO,"openWorldHint is omitted; its effective MCP default is true. This is coverage information, not a vulnerability classification.",
makenotion/notion-mcp-server,https://github.com/makenotion/notion-mcp-server,API-retrieve-a-database,MCP005,INFO,openWorldHint,omitted,false,true,"annotations omit ""openWorldHint""; effective value is true",Annotation coverage: 'openWorldHint' was not explicitly specified; its effective MCP default is true.,COVERAGE_INFO,"openWorldHint is omitted; its effective MCP default is true. This is coverage information, not a vulnerability classification.",
makenotion/notion-mcp-server,https://github.com/makenotion/notion-mcp-server,API-move-page,MCP005,INFO,readOnlyHint,omitted,false,false,"annotations omit ""readOnlyHint""; effective value is false",Annotation coverage: 'readOnlyHint' was not explicitly specified; its effective MCP default is false.,COVERAGE_INFO,"readOnlyHint is omitted; its effective MCP default is false. This is coverage information, not a vulnerability classification.",
makenotion/notion-mcp-server,https://github.com/makenotion/notion-mcp-server,API-move-page,MCP005,INFO,idempotentHint,omitted,false,false,"annotations omit ""idempotentHint""; effective value is false",Annotation coverage: 'idempotentHint' was not explicitly specified; its effective MCP default is false.,COVERAGE_INFO,"idempotentHint is omitted; its effective MCP default is false. This is coverage information, not a vulnerability classification.",
makenotion/notion-mcp-server,https://github.com/makenotion/notion-mcp-server,API-move-page,MCP005,INFO,openWorldHint,omitted,false,true,"annotations omit ""openWorldHint""; effective value is true",Annotation coverage: 'openWorldHint' was not explicitly specified; its effective MCP default is true.,COVERAGE_INFO,"openWorldHint is omitted; its effective MCP default is true. This is coverage information, not a vulnerability classification.",
makenotion/notion-mcp-server,https://github.com/makenotion/notion-mcp-server,API-retrieve-page-markdown,MCP001,WARN,readOnlyHint,true,true,true,"description contains ""...est 403: The integration lacks the read/update content capability required for this page. 404: Page not found or not sha...""",Potential annotation mismatch: tool text may conflict with effective readOnlyHint=true. Review recommended.,FALSE_POSITIVE,The matched 'update' is part of a 403 capability/error description. The operation is an HTTP GET and the generator marks GET operations read-only.,scripts/notion-openapi.json:2217-2220; src/openapi-mcp-server/mcp/proxy.ts:173-186.
makenotion/notion-mcp-server,https://github.com/makenotion/notion-mcp-server,API-retrieve-page-markdown,MCP005,INFO,openWorldHint,omitted,false,true,"annotations omit ""openWorldHint""; effective value is true",Annotation coverage: 'openWorldHint' was not explicitly specified; its effective MCP default is true.,COVERAGE_INFO,"openWorldHint is omitted; its effective MCP default is true. This is coverage information, not a vulnerability classification.",
makenotion/notion-mcp-server,https://github.com/makenotion/notion-mcp-server,API-update-page-markdown,MCP005,INFO,readOnlyHint,omitted,false,false,"annotations omit ""readOnlyHint""; effective value is false",Annotation coverage: 'readOnlyHint' was not explicitly specified; its effective MCP default is false.,COVERAGE_INFO,"readOnlyHint is omitted; its effective MCP default is false. This is coverage information, not a vulnerability classification.",
makenotion/notion-mcp-server,https://github.com/makenotion/notion-mcp-server,API-update-page-markdown,MCP005,INFO,idempotentHint,omitted,false,false,"annotations omit ""idempotentHint""; effective value is false",Annotation coverage: 'idempotentHint' was not explicitly specified; its effective MCP default is false.,COVERAGE_INFO,"idempotentHint is omitted; its effective MCP default is false. This is coverage information, not a vulnerability classification.",
makenotion/notion-mcp-server,https://github.com/makenotion/notion-mcp-server,API-update-page-markdown,MCP005,INFO,openWorldHint,omitted,false,true,"annotations omit ""openWorldHint""; effective value is true",Annotation coverage: 'openWorldHint' was not explicitly specified; its effective MCP default is true.,COVERAGE_INFO,"openWorldHint is omitted; its effective MCP default is true. This is coverage information, not a vulnerability classification.",
mark3labs/mcp-filesystem-server,https://github.com/mark3labs/mcp-filesystem-server,read_file,MCP005,INFO,readOnlyHint,omitted,false,false,"annotations omit ""readOnlyHint""; effective value is false",Annotation coverage: 'readOnlyHint' was not explicitly specified; its effective MCP default is false.,COVERAGE_INFO,"readOnlyHint is omitted; its effective MCP default is false. This is coverage information, not a vulnerability classification.",
mark3labs/mcp-filesystem-server,https://github.com/mark3labs/mcp-filesystem-server,read_file,MCP005,INFO,destructiveHint,omitted,false,true,"annotations omit ""destructiveHint""; effective value is true",Annotation coverage: 'destructiveHint' was not explicitly specified; its effective MCP default is true.,COVERAGE_INFO,"destructiveHint is omitted; its effective MCP default is true. This is coverage information, not a vulnerability classification.",
mark3labs/mcp-filesystem-server,https://github.com/mark3labs/mcp-filesystem-server,read_file,MCP005,INFO,idempotentHint,omitted,false,false,"annotations omit ""idempotentHint""; effective value is false",Annotation coverage: 'idempotentHint' was not explicitly specified; its effective MCP default is false.,COVERAGE_INFO,"idempotentHint is omitted; its effective MCP default is false. This is coverage information, not a vulnerability classification.",
mark3labs/mcp-filesystem-server,https://github.com/mark3labs/mcp-filesystem-server,read_file,MCP005,INFO,openWorldHint,omitted,false,true,"annotations omit ""openWorldHint""; effective value is true",Annotation coverage: 'openWorldHint' was not explicitly specified; its effective MCP default is true.,COVERAGE_INFO,"openWorldHint is omitted; its effective MCP default is true. This is coverage information, not a vulnerability classification.",
mark3labs/mcp-filesystem-server,https://github.com/mark3labs/mcp-filesystem-server,write_file,MCP005,INFO,readOnlyHint,omitted,false,false,"annotations omit ""readOnlyHint""; effective value is false",Annotation coverage: 'readOnlyHint' was not explicitly specified; its effective MCP default is false.,COVERAGE_INFO,"readOnlyHint is omitted; its effective MCP default is false. This is coverage information, not a vulnerability classification.",
mark3labs/mcp-filesystem-server,https://github.com/mark3labs/mcp-filesystem-server,write_file,MCP005,INFO,destructiveHint,omitted,false,true,"annotations omit ""destructiveHint""; effective value is true",Annotation coverage: 'destructiveHint' was not explicitly specified; its effective MCP default is true.,COVERAGE_INFO,"destructiveHint is omitted; its effective MCP default is true. This is coverage information, not a vulnerability classification.",
mark3labs/mcp-filesystem-server,https://github.com/mark3labs/mcp-filesystem-server,write_file,MCP005,INFO,idempotentHint,omitted,false,false,"annotations omit ""idempotentHint""; effective value is false",Annotation coverage: 'idempotentHint' was not explicitly specified; its effective MCP default is false.,COVERAGE_INFO,"idempotentHint is omitted; its effective MCP default is false. This is coverage information, not a vulnerability classification.",
mark3labs/mcp-filesystem-server,https://github.com/mark3labs/mcp-filesystem-server,write_file,MCP005,INFO,openWorldHint,omitted,false,true,"annotations omit ""openWorldHint""; effective value is true",Annotation coverage: 'openWorldHint' was not explicitly specified; its effective MCP default is true.,COVERAGE_INFO,"openWorldHint is omitted; its effective MCP default is true. This is coverage information, not a vulnerability classification.",
mark3labs/mcp-filesystem-server,https://github.com/mark3labs/mcp-filesystem-server,list_directory,MCP005,INFO,readOnlyHint,omitted,false,false,"annotations omit ""readOnlyHint""; effective value is false",Annotation coverage: 'readOnlyHint' was not explicitly specified; its effective MCP default is false.,COVERAGE_INFO,"readOnlyHint is omitted; its effective MCP default is false. This is coverage information, not a vulnerability classification.",
mark3labs/mcp-filesystem-server,https://github.com/mark3labs/mcp-filesystem-server,list_directory,MCP005,INFO,destructiveHint,omitted,false,true,"annotations omit ""destructiveHint""; effective value is true",Annotation coverage: 'destructiveHint' was not explicitly specified; its effective MCP default is true.,COVERAGE_INFO,"destructiveHint is omitted; its effective MCP default is true. This is coverage information, not a vulnerability classification.",
mark3labs/mcp-filesystem-server,https://github.com/mark3labs/mcp-filesystem-server,list_directory,MCP005,INFO,idempotentHint,omitted,false,false,"annotations omit ""idempotentHint""; effective value is false",Annotation coverage: 'idempotentHint' was not explicitly specified; its effective MCP default is false.,COVERAGE_INFO,"idempotentHint is omitted; its effective MCP default is false. This is coverage information, not a vulnerability classification.",
mark3labs/mcp-filesystem-server,https://github.com/mark3labs/mcp-filesystem-server,list_directory,MCP005,INFO,openWorldHint,omitted,false,true,"annotations omit ""openWorldHint""; effective value is true",Annotation coverage: 'openWorldHint' was not explicitly specified; its effective MCP default is true.,COVERAGE_INFO,"openWorldHint is omitted; its effective MCP default is true. This is coverage information, not a vulnerability classification.",
mark3labs/mcp-filesystem-server,https://github.com/mark3labs/mcp-filesystem-server,create_directory,MCP005,INFO,readOnlyHint,omitted,false,false,"annotations omit ""readOnlyHint""; effective value is false",Annotation coverage: 'readOnlyHint' was not explicitly specified; its effective MCP default is false.,COVERAGE_INFO,"readOnlyHint is omitted; its effective MCP default is false. This is coverage information, not a vulnerability classification.",
mark3labs/mcp-filesystem-server,https://github.com/mark3labs/mcp-filesystem-server,create_directory,MCP005,INFO,destructiveHint,omitted,false,true,"annotations omit ""destructiveHint""; effective value is true",Annotation coverage: 'destructiveHint' was not explicitly specified; its effective MCP default is true.,COVERAGE_INFO,"destructiveHint is omitted; its effective MCP default is true. This is coverage information, not a vulnerability classification.",
mark3labs/mcp-filesystem-server,https://github.com/mark3labs/mcp-filesystem-server,create_directory,MCP005,INFO,idempotentHint,omitted,false,false,"annotations omit ""idempotentHint""; effective value is false",Annotation coverage: 'idempotentHint' was not explicitly specified; its effective MCP default is false.,COVERAGE_INFO,"idempotentHint is omitted; its effective MCP default is false. This is coverage information, not a vulnerability classification.",
mark3labs/mcp-filesystem-server,https://github.com/mark3labs/mcp-filesystem-server,create_directory,MCP005,INFO,openWorldHint,omitted,false,true,"annotations omit ""openWorldHint""; effective value is true",Annotation coverage: 'openWorldHint' was not explicitly specified; its effective MCP default is true.,COVERAGE_INFO,"openWorldHint is omitted; its effective MCP default is true. This is coverage information, not a vulnerability classification.",
mark3labs/mcp-filesystem-server,https://github.com/mark3labs/mcp-filesystem-server,copy_file,MCP005,INFO,readOnlyHint,omitted,false,false,"annotations omit ""readOnlyHint""; effective value is false",Annotation coverage: 'readOnlyHint' was not explicitly specified; its effective MCP default is false.,COVERAGE_INFO,"readOnlyHint is omitted; its effective MCP default is false. This is coverage information, not a vulnerability classification.",
mark3labs/mcp-filesystem-server,https://github.com/mark3labs/mcp-filesystem-server,copy_file,MCP005,INFO,destructiveHint,omitted,false,true,"annotations omit ""destructiveHint""; effective value is true",Annotation coverage: 'destructiveHint' was not explicitly specified; its effective MCP default is true.,COVERAGE_INFO,"destructiveHint is omitted; its effective MCP default is true. This is coverage information, not a vulnerability classification.",
mark3labs/mcp-filesystem-server,https://github.com/mark3labs/mcp-filesystem-server,copy_file,MCP005,INFO,idempotentHint,omitted,false,false,"annotations omit ""idempotentHint""; effective value is false",Annotation coverage: 'idempotentHint' was not explicitly specified; its effective MCP default is false.,COVERAGE_INFO,"idempotentHint is omitted; its effective MCP default is false. This is coverage information, not a vulnerability classification.",
mark3labs/mcp-filesystem-server,https://github.com/mark3labs/mcp-filesystem-server,copy_file,MCP005,INFO,openWorldHint,omitted,false,true,"annotations omit ""openWorldHint""; effective value is true",Annotation coverage: 'openWorldHint' was not explicitly specified; its effective MCP default is true.,COVERAGE_INFO,"openWorldHint is omitted; its effective MCP default is true. This is coverage information, not a vulnerability classification.",
mark3labs/mcp-filesystem-server,https://github.com/mark3labs/mcp-filesystem-server,move_file,MCP005,INFO,readOnlyHint,omitted,false,false,"annotations omit ""readOnlyHint""; effective value is false",Annotation coverage: 'readOnlyHint' was not explicitly specified; its effective MCP default is false.,COVERAGE_INFO,"readOnlyHint is omitted; its effective MCP default is false. This is coverage information, not a vulnerability classification.",
mark3labs/mcp-filesystem-server,https://github.com/mark3labs/mcp-filesystem-server,move_file,MCP005,INFO,destructiveHint,omitted,false,true,"annotations omit ""destructiveHint""; effective value is true",Annotation coverage: 'destructiveHint' was not explicitly specified; its effective MCP default is true.,COVERAGE_INFO,"destructiveHint is omitted; its effective MCP default is true. This is coverage information, not a vulnerability classification.",
mark3labs/mcp-filesystem-server,https://github.com/mark3labs/mcp-filesystem-server,move_file,MCP005,INFO,idempotentHint,omitted,false,false,"annotations omit ""idempotentHint""; effective value is false",Annotation coverage: 'idempotentHint' was not explicitly specified; its effective MCP default is false.,COVERAGE_INFO,"idempotentHint is omitted; its effective MCP default is false. This is coverage information, not a vulnerability classification.",
mark3labs/mcp-filesystem-server,https://github.com/mark3labs/mcp-filesystem-server,move_file,MCP005,INFO,openWorldHint,omitted,false,true,"annotations omit ""openWorldHint""; effective value is true",Annotation coverage: 'openWorldHint' was not explicitly specified; its effective MCP default is true.,COVERAGE_INFO,"openWorldHint is omitted; its effective MCP default is true. This is coverage information, not a vulnerability classification.",
mark3labs/mcp-filesystem-server,https://github.com/mark3labs/mcp-filesystem-server,search_files,MCP005,INFO,readOnlyHint,omitted,false,false,"annotations omit ""readOnlyHint""; effective value is false",Annotation coverage: 'readOnlyHint' was not explicitly specified; its effective MCP default is false.,COVERAGE_INFO,"readOnlyHint is omitted; its effective MCP default is false. This is coverage information, not a vulnerability classification.",
mark3labs/mcp-filesystem-server,https://github.com/mark3labs/mcp-filesystem-server,search_files,MCP005,INFO,destructiveHint,omitted,false,true,"annotations omit ""destructiveHint""; effective value is true",Annotation coverage: 'destructiveHint' was not explicitly specified; its effective MCP default is true.,COVERAGE_INFO,"destructiveHint is omitted; its effective MCP default is true. This is coverage information, not a vulnerability classification.",
mark3labs/mcp-filesystem-server,https://github.com/mark3labs/mcp-filesystem-server,search_files,MCP005,INFO,idempotentHint,omitted,false,false,"annotations omit ""idempotentHint""; effective value is false",Annotation coverage: 'idempotentHint' was not explicitly specified; its effective MCP default is false.,COVERAGE_INFO,"idempotentHint is omitted; its effective MCP default is false. This is coverage information, not a vulnerability classification.",
mark3labs/mcp-filesystem-server,https://github.com/mark3labs/mcp-filesystem-server,search_files,MCP005,INFO,openWorldHint,omitted,false,true,"annotations omit ""openWorldHint""; effective value is true",Annotation coverage: 'openWorldHint' was not explicitly specified; its effective MCP default is true.,COVERAGE_INFO,"openWorldHint is omitted; its effective MCP default is true. This is coverage information, not a vulnerability classification.",
mark3labs/mcp-filesystem-server,https://github.com/mark3labs/mcp-filesystem-server,get_file_info,MCP005,INFO,readOnlyHint,omitted,false,false,"annotations omit ""readOnlyHint""; effective value is false",Annotation coverage: 'readOnlyHint' was not explicitly specified; its effective MCP default is false.,COVERAGE_INFO,"readOnlyHint is omitted; its effective MCP default is false. This is coverage information, not a vulnerability classification.",
mark3labs/mcp-filesystem-server,https://github.com/mark3labs/mcp-filesystem-server,get_file_info,MCP005,INFO,destructiveHint,omitted,false,true,"annotations omit ""destructiveHint""; effective value is true",Annotation coverage: 'destructiveHint' was not explicitly specified; its effective MCP default is true.,COVERAGE_INFO,"destructiveHint is omitted; its effective MCP default is true. This is coverage information, not a vulnerability classification.",
mark3labs/mcp-filesystem-server,https://github.com/mark3labs/mcp-filesystem-server,get_file_info,MCP005,INFO,idempotentHint,omitted,false,false,"annotations omit ""idempotentHint""; effective value is false",Annotation coverage: 'idempotentHint' was not explicitly specified; its effective MCP default is false.,COVERAGE_INFO,"idempotentHint is omitted; its effective MCP default is false. This is coverage information, not a vulnerability classification.",
mark3labs/mcp-filesystem-server,https://github.com/mark3labs/mcp-filesystem-server,get_file_info,MCP005,INFO,openWorldHint,omitted,false,true,"annotations omit ""openWorldHint""; effective value is true",Annotation coverage: 'openWorldHint' was not explicitly specified; its effective MCP default is true.,COVERAGE_INFO,"openWorldHint is omitted; its effective MCP default is true. This is coverage information, not a vulnerability classification.",
mark3labs/mcp-filesystem-server,https://github.com/mark3labs/mcp-filesystem-server,list_allowed_directories,MCP005,INFO,readOnlyHint,omitted,false,false,"annotations omit ""readOnlyHint""; effective value is false",Annotation coverage: 'readOnlyHint' was not explicitly specified; its effective MCP default is false.,COVERAGE_INFO,"readOnlyHint is omitted; its effective MCP default is false. This is coverage information, not a vulnerability classification.",
mark3labs/mcp-filesystem-server,https://github.com/mark3labs/mcp-filesystem-server,list_allowed_directories,MCP005,INFO,destructiveHint,omitted,false,true,"annotations omit ""destructiveHint""; effective value is true",Annotation coverage: 'destructiveHint' was not explicitly specified; its effective MCP default is true.,COVERAGE_INFO,"destructiveHint is omitted; its effective MCP default is true. This is coverage information, not a vulnerability classification.",
mark3labs/mcp-filesystem-server,https://github.com/mark3labs/mcp-filesystem-server,list_allowed_directories,MCP005,INFO,idempotentHint,omitted,false,false,"annotations omit ""idempotentHint""; effective value is false",Annotation coverage: 'idempotentHint' was not explicitly specified; its effective MCP default is false.,COVERAGE_INFO,"idempotentHint is omitted; its effective MCP default is false. This is coverage information, not a vulnerability classification.",
mark3labs/mcp-filesystem-server,https://github.com/mark3labs/mcp-filesystem-server,list_allowed_directories,MCP005,INFO,openWorldHint,omitted,false,true,"annotations omit ""openWorldHint""; effective value is true",Annotation coverage: 'openWorldHint' was not explicitly specified; its effective MCP default is true.,COVERAGE_INFO,"openWorldHint is omitted; its effective MCP default is true. This is coverage information, not a vulnerability classification.",
mark3labs/mcp-filesystem-server,https://github.com/mark3labs/mcp-filesystem-server,read_multiple_files,MCP005,INFO,readOnlyHint,omitted,false,false,"annotations omit ""readOnlyHint""; effective value is false",Annotation coverage: 'readOnlyHint' was not explicitly specified; its effective MCP default is false.,COVERAGE_INFO,"readOnlyHint is omitted; its effective MCP default is false. This is coverage information, not a vulnerability classification.",
mark3labs/mcp-filesystem-server,https://github.com/mark3labs/mcp-filesystem-server,read_multiple_files,MCP005,INFO,destructiveHint,omitted,false,true,"annotations omit ""destructiveHint""; effective value is true",Annotation coverage: 'destructiveHint' was not explicitly specified; its effective MCP default is true.,COVERAGE_INFO,"destructiveHint is omitted; its effective MCP default is true. This is coverage information, not a vulnerability classification.",
mark3labs/mcp-filesystem-server,https://github.com/mark3labs/mcp-filesystem-server,read_multiple_files,MCP005,INFO,idempotentHint,omitted,false,false,"annotations omit ""idempotentHint""; effective value is false",Annotation coverage: 'idempotentHint' was not explicitly specified; its effective MCP default is false.,COVERAGE_INFO,"idempotentHint is omitted; its effective MCP default is false. This is coverage information, not a vulnerability classification.",
mark3labs/mcp-filesystem-server,https://github.com/mark3labs/mcp-filesystem-server,read_multiple_files,MCP005,INFO,openWorldHint,omitted,false,true,"annotations omit ""openWorldHint""; effective value is true",Annotation coverage: 'openWorldHint' was not explicitly specified; its effective MCP default is true.,COVERAGE_INFO,"openWorldHint is omitted; its effective MCP default is true. This is coverage information, not a vulnerability classification.",
mark3labs/mcp-filesystem-server,https://github.com/mark3labs/mcp-filesystem-server,tree,MCP005,INFO,readOnlyHint,omitted,false,false,"annotations omit ""readOnlyHint""; effective value is false",Annotation coverage: 'readOnlyHint' was not explicitly specified; its effective MCP default is false.,COVERAGE_INFO,"readOnlyHint is omitted; its effective MCP default is false. This is coverage information, not a vulnerability classification.",
mark3labs/mcp-filesystem-server,https://github.com/mark3labs/mcp-filesystem-server,tree,MCP005,INFO,destructiveHint,omitted,false,true,"annotations omit ""destructiveHint""; effective value is true",Annotation coverage: 'destructiveHint' was not explicitly specified; its effective MCP default is true.,COVERAGE_INFO,"destructiveHint is omitted; its effective MCP default is true. This is coverage information, not a vulnerability classification.",
mark3labs/mcp-filesystem-server,https://github.com/mark3labs/mcp-filesystem-server,tree,MCP005,INFO,idempotentHint,omitted,false,false,"annotations omit ""idempotentHint""; effective value is false",Annotation coverage: 'idempotentHint' was not explicitly specified; its effective MCP default is false.,COVERAGE_INFO,"idempotentHint is omitted; its effective MCP default is false. This is coverage information, not a vulnerability classification.",
mark3labs/mcp-filesystem-server,https://github.com/mark3labs/mcp-filesystem-server,tree,MCP005,INFO,openWorldHint,omitted,false,true,"annotations omit ""openWorldHint""; effective value is true",Annotation coverage: 'openWorldHint' was not explicitly specified; its effective MCP default is true.,COVERAGE_INFO,"openWorldHint is omitted; its effective MCP default is true. This is coverage information, not a vulnerability classification.",
mark3labs/mcp-filesystem-server,https://github.com/mark3labs/mcp-filesystem-server,delete_file,MCP005,INFO,readOnlyHint,omitted,false,false,"annotations omit ""readOnlyHint""; effective value is false",Annotation coverage: 'readOnlyHint' was not explicitly specified; its effective MCP default is false.,COVERAGE_INFO,"readOnlyHint is omitted; its effective MCP default is false. This is coverage information, not a vulnerability classification.",
mark3labs/mcp-filesystem-server,https://github.com/mark3labs/mcp-filesystem-server,delete_file,MCP005,INFO,destructiveHint,omitted,false,true,"annotations omit ""destructiveHint""; effective value is true",Annotation coverage: 'destructiveHint' was not explicitly specified; its effective MCP default is true.,COVERAGE_INFO,"destructiveHint is omitted; its effective MCP default is true. This is coverage information, not a vulnerability classification.",
mark3labs/mcp-filesystem-server,https://github.com/mark3labs/mcp-filesystem-server,delete_file,MCP005,INFO,idempotentHint,omitted,false,false,"annotations omit ""idempotentHint""; effective value is false",Annotation coverage: 'idempotentHint' was not explicitly specified; its effective MCP default is false.,COVERAGE_INFO,"idempotentHint is omitted; its effective MCP default is false. This is coverage information, not a vulnerability classification.",
mark3labs/mcp-filesystem-server,https://github.com/mark3labs/mcp-filesystem-server,delete_file,MCP005,INFO,openWorldHint,omitted,false,true,"annotations omit ""openWorldHint""; effective value is true",Annotation coverage: 'openWorldHint' was not explicitly specified; its effective MCP default is true.,COVERAGE_INFO,"openWorldHint is omitted; its effective MCP default is true. This is coverage information, not a vulnerability classification.",
mark3labs/mcp-filesystem-server,https://github.com/mark3labs/mcp-filesystem-server,modify_file,MCP005,INFO,readOnlyHint,omitted,false,false,"annotations omit ""readOnlyHint""; effective value is false",Annotation coverage: 'readOnlyHint' was not explicitly specified; its effective MCP default is false.,COVERAGE_INFO,"readOnlyHint is omitted; its effective MCP default is false. This is coverage information, not a vulnerability classification.",
mark3labs/mcp-filesystem-server,https://github.com/mark3labs/mcp-filesystem-server,modify_file,MCP005,INFO,destructiveHint,omitted,false,true,"annotations omit ""destructiveHint""; effective value is true",Annotation coverage: 'destructiveHint' was not explicitly specified; its effective MCP default is true.,COVERAGE_INFO,"destructiveHint is omitted; its effective MCP default is true. This is coverage information, not a vulnerability classification.",
mark3labs/mcp-filesystem-server,https://github.com/mark3labs/mcp-filesystem-server,modify_file,MCP005,INFO,idempotentHint,omitted,false,false,"annotations omit ""idempotentHint""; effective value is false",Annotation coverage: 'idempotentHint' was not explicitly specified; its effective MCP default is false.,COVERAGE_INFO,"idempotentHint is omitted; its effective MCP default is false. This is coverage information, not a vulnerability classification.",
mark3labs/mcp-filesystem-server,https://github.com/mark3labs/mcp-filesystem-server,modify_file,MCP005,INFO,openWorldHint,omitted,false,true,"annotations omit ""openWorldHint""; effective value is true",Annotation coverage: 'openWorldHint' was not explicitly specified; its effective MCP default is true.,COVERAGE_INFO,"openWorldHint is omitted; its effective MCP default is true. This is coverage information, not a vulnerability classification.",
mark3labs/mcp-filesystem-server,https://github.com/mark3labs/mcp-filesystem-server,search_within_files,MCP005,INFO,readOnlyHint,omitted,false,false,"annotations omit ""readOnlyHint""; effective value is false",Annotation coverage: 'readOnlyHint' was not explicitly specified; its effective MCP default is false.,COVERAGE_INFO,"readOnlyHint is omitted; its effective MCP default is false. This is coverage information, not a vulnerability classification.",
mark3labs/mcp-filesystem-server,https://github.com/mark3labs/mcp-filesystem-server,search_within_files,MCP005,INFO,destructiveHint,omitted,false,true,"annotations omit ""destructiveHint""; effective value is true",Annotation coverage: 'destructiveHint' was not explicitly specified; its effective MCP default is true.,COVERAGE_INFO,"destructiveHint is omitted; its effective MCP default is true. This is coverage information, not a vulnerability classification.",
mark3labs/mcp-filesystem-server,https://github.com/mark3labs/mcp-filesystem-server,search_within_files,MCP005,INFO,idempotentHint,omitted,false,false,"annotations omit ""idempotentHint""; effective value is false",Annotation coverage: 'idempotentHint' was not explicitly specified; its effective MCP default is false.,COVERAGE_INFO,"idempotentHint is omitted; its effective MCP default is false. This is coverage information, not a vulnerability classification.",
mark3labs/mcp-filesystem-server,https://github.com/mark3labs/mcp-filesystem-server,search_within_files,MCP005,INFO,openWorldHint,omitted,false,true,"annotations omit ""openWorldHint""; effective value is true",Annotation coverage: 'openWorldHint' was not explicitly specified; its effective MCP default is true.,COVERAGE_INFO,"openWorldHint is omitted; its effective MCP default is true. This is coverage information, not a vulnerability classification.",
microsoft/playwright-mcp,https://github.com/microsoft/playwright-mcp,browser_close,MCP005,INFO,idempotentHint,omitted,false,false,"annotations omit ""idempotentHint""; effective value is false",Annotation coverage: 'idempotentHint' was not explicitly specified; its effective MCP default is false.,COVERAGE_INFO,"idempotentHint is omitted; its effective MCP default is false. This is coverage information, not a vulnerability classification.",
microsoft/playwright-mcp,https://github.com/microsoft/playwright-mcp,browser_resize,MCP005,INFO,idempotentHint,omitted,false,false,"annotations omit ""idempotentHint""; effective value is false",Annotation coverage: 'idempotentHint' was not explicitly specified; its effective MCP default is false.,COVERAGE_INFO,"idempotentHint is omitted; its effective MCP default is false. This is coverage information, not a vulnerability classification.",
microsoft/playwright-mcp,https://github.com/microsoft/playwright-mcp,browser_resume,MCP005,INFO,idempotentHint,omitted,false,false,"annotations omit ""idempotentHint""; effective value is false",Annotation coverage: 'idempotentHint' was not explicitly specified; its effective MCP default is false.,COVERAGE_INFO,"idempotentHint is omitted; its effective MCP default is false. This is coverage information, not a vulnerability classification.",
microsoft/playwright-mcp,https://github.com/microsoft/playwright-mcp,browser_hide_highlight,MCP001,WARN,readOnlyHint,true,true,true,"description contains ""Remove a highlight overlay previously added for the element.""",Potential annotation mismatch: tool text may conflict with effective readOnlyHint=true. Review recommended.,FALSE_POSITIVE,"The handler removes only Playwright's transient diagnostic highlight overlay. It does not change application data or invoke a target-page action, so treating it as read-only for client confirmation purposes is reasonable even though the overlay's internal UI state changes.",Locked playwright-core lib/coreBundle.js:65911-65929 calls locator.hideHighlight or page.hideHighlight and declares type 'readOnly'.
microsoft/playwright-mcp,https://github.com/microsoft/playwright-mcp,browser_handle_dialog,MCP005,INFO,idempotentHint,omitted,false,false,"annotations omit ""idempotentHint""; effective value is false",Annotation coverage: 'idempotentHint' was not explicitly specified; its effective MCP default is false.,COVERAGE_INFO,"idempotentHint is omitted; its effective MCP default is false. This is coverage information, not a vulnerability classification.",
microsoft/playwright-mcp,https://github.com/microsoft/playwright-mcp,browser_evaluate,MCP005,INFO,idempotentHint,omitted,false,false,"annotations omit ""idempotentHint""; effective value is false",Annotation coverage: 'idempotentHint' was not explicitly specified; its effective MCP default is false.,COVERAGE_INFO,"idempotentHint is omitted; its effective MCP default is false. This is coverage information, not a vulnerability classification.",
microsoft/playwright-mcp,https://github.com/microsoft/playwright-mcp,browser_file_upload,MCP005,INFO,idempotentHint,omitted,false,false,"annotations omit ""idempotentHint""; effective value is false",Annotation coverage: 'idempotentHint' was not explicitly specified; its effective MCP default is false.,COVERAGE_INFO,"idempotentHint is omitted; its effective MCP default is false. This is coverage information, not a vulnerability classification.",
microsoft/playwright-mcp,https://github.com/microsoft/playwright-mcp,browser_drop,MCP005,INFO,idempotentHint,omitted,false,false,"annotations omit ""idempotentHint""; effective value is false",Annotation coverage: 'idempotentHint' was not explicitly specified; its effective MCP default is false.,COVERAGE_INFO,"idempotentHint is omitted; its effective MCP default is false. This is coverage information, not a vulnerability classification.",
microsoft/playwright-mcp,https://github.com/microsoft/playwright-mcp,browser_fill_form,MCP005,INFO,idempotentHint,omitted,false,false,"annotations omit ""idempotentHint""; effective value is false",Annotation coverage: 'idempotentHint' was not explicitly specified; its effective MCP default is false.,COVERAGE_INFO,"idempotentHint is omitted; its effective MCP default is false. This is coverage information, not a vulnerability classification.",
microsoft/playwright-mcp,https://github.com/microsoft/playwright-mcp,browser_press_key,MCP005,INFO,idempotentHint,omitted,false,false,"annotations omit ""idempotentHint""; effective value is false",Annotation coverage: 'idempotentHint' was not explicitly specified; its effective MCP default is false.,COVERAGE_INFO,"idempotentHint is omitted; its effective MCP default is false. This is coverage information, not a vulnerability classification.",
microsoft/playwright-mcp,https://github.com/microsoft/playwright-mcp,browser_type,MCP005,INFO,idempotentHint,omitted,false,false,"annotations omit ""idempotentHint""; effective value is false",Annotation coverage: 'idempotentHint' was not explicitly specified; its effective MCP default is false.,COVERAGE_INFO,"idempotentHint is omitted; its effective MCP default is false. This is coverage information, not a vulnerability classification.",
microsoft/playwright-mcp,https://github.com/microsoft/playwright-mcp,browser_mouse_move_xy,MCP005,INFO,idempotentHint,omitted,false,false,"annotations omit ""idempotentHint""; effective value is false",Annotation coverage: 'idempotentHint' was not explicitly specified; its effective MCP default is false.,COVERAGE_INFO,"idempotentHint is omitted; its effective MCP default is false. This is coverage information, not a vulnerability classification.",
microsoft/playwright-mcp,https://github.com/microsoft/playwright-mcp,browser_mouse_click_xy,MCP005,INFO,idempotentHint,omitted,false,false,"annotations omit ""idempotentHint""; effective value is false",Annotation coverage: 'idempotentHint' was not explicitly specified; its effective MCP default is false.,COVERAGE_INFO,"idempotentHint is omitted; its effective MCP default is false. This is coverage information, not a vulnerability classification.",
microsoft/playwright-mcp,https://github.com/microsoft/playwright-mcp,browser_mouse_drag_xy,MCP005,INFO,idempotentHint,omitted,false,false,"annotations omit ""idempotentHint""; effective value is false",Annotation coverage: 'idempotentHint' was not explicitly specified; its effective MCP default is false.,COVERAGE_INFO,"idempotentHint is omitted; its effective MCP default is false. This is coverage information, not a vulnerability classification.",
microsoft/playwright-mcp,https://github.com/microsoft/playwright-mcp,browser_mouse_down,MCP005,INFO,idempotentHint,omitted,false,false,"annotations omit ""idempotentHint""; effective value is false",Annotation coverage: 'idempotentHint' was not explicitly specified; its effective MCP default is false.,COVERAGE_INFO,"idempotentHint is omitted; its effective MCP default is false. This is coverage information, not a vulnerability classification.",
microsoft/playwright-mcp,https://github.com/microsoft/playwright-mcp,browser_mouse_up,MCP005,INFO,idempotentHint,omitted,false,false,"annotations omit ""idempotentHint""; effective value is false",Annotation coverage: 'idempotentHint' was not explicitly specified; its effective MCP default is false.,COVERAGE_INFO,"idempotentHint is omitted; its effective MCP default is false. This is coverage information, not a vulnerability classification.",
microsoft/playwright-mcp,https://github.com/microsoft/playwright-mcp,browser_mouse_wheel,MCP005,INFO,idempotentHint,omitted,false,false,"annotations omit ""idempotentHint""; effective value is false",Annotation coverage: 'idempotentHint' was not explicitly specified; its effective MCP default is false.,COVERAGE_INFO,"idempotentHint is omitted; its effective MCP default is false. This is coverage information, not a vulnerability classification.",
microsoft/playwright-mcp,https://github.com/microsoft/playwright-mcp,browser_navigate,MCP005,INFO,idempotentHint,omitted,false,false,"annotations omit ""idempotentHint""; effective value is false",Annotation coverage: 'idempotentHint' was not explicitly specified; its effective MCP default is false.,COVERAGE_INFO,"idempotentHint is omitted; its effective MCP default is false. This is coverage information, not a vulnerability classification.",
microsoft/playwright-mcp,https://github.com/microsoft/playwright-mcp,browser_navigate_back,MCP005,INFO,idempotentHint,omitted,false,false,"annotations omit ""idempotentHint""; effective value is false",Annotation coverage: 'idempotentHint' was not explicitly specified; its effective MCP default is false.,COVERAGE_INFO,"idempotentHint is omitted; its effective MCP default is false. This is coverage information, not a vulnerability classification.",
microsoft/playwright-mcp,https://github.com/microsoft/playwright-mcp,browser_run_code_unsafe,MCP005,INFO,idempotentHint,omitted,false,false,"annotations omit ""idempotentHint""; effective value is false",Annotation coverage: 'idempotentHint' was not explicitly specified; its effective MCP default is false.,COVERAGE_INFO,"idempotentHint is omitted; its effective MCP default is false. This is coverage information, not a vulnerability classification.",
microsoft/playwright-mcp,https://github.com/microsoft/playwright-mcp,browser_click,MCP005,INFO,idempotentHint,omitted,false,false,"annotations omit ""idempotentHint""; effective value is false",Annotation coverage: 'idempotentHint' was not explicitly specified; its effective MCP default is false.,COVERAGE_INFO,"idempotentHint is omitted; its effective MCP default is false. This is coverage information, not a vulnerability classification.",
microsoft/playwright-mcp,https://github.com/microsoft/playwright-mcp,browser_drag,MCP005,INFO,idempotentHint,omitted,false,false,"annotations omit ""idempotentHint""; effective value is false",Annotation coverage: 'idempotentHint' was not explicitly specified; its effective MCP default is false.,COVERAGE_INFO,"idempotentHint is omitted; its effective MCP default is false. This is coverage information, not a vulnerability classification.",
microsoft/playwright-mcp,https://github.com/microsoft/playwright-mcp,browser_hover,MCP005,INFO,idempotentHint,omitted,false,false,"annotations omit ""idempotentHint""; effective value is false",Annotation coverage: 'idempotentHint' was not explicitly specified; its effective MCP default is false.,COVERAGE_INFO,"idempotentHint is omitted; its effective MCP default is false. This is coverage information, not a vulnerability classification.",
microsoft/playwright-mcp,https://github.com/microsoft/playwright-mcp,browser_select_option,MCP005,INFO,idempotentHint,omitted,false,false,"annotations omit ""idempotentHint""; effective value is false",Annotation coverage: 'idempotentHint' was not explicitly specified; its effective MCP default is false.,COVERAGE_INFO,"idempotentHint is omitted; its effective MCP default is false. This is coverage information, not a vulnerability classification.",
microsoft/playwright-mcp,https://github.com/microsoft/playwright-mcp,browser_tabs,MCP005,INFO,idempotentHint,omitted,false,false,"annotations omit ""idempotentHint""; effective value is false",Annotation coverage: 'idempotentHint' was not explicitly specified; its effective MCP default is false.,COVERAGE_INFO,"idempotentHint is omitted; its effective MCP default is false. This is coverage information, not a vulnerability classification.",
modelcontextprotocol/servers,https://github.com/modelcontextprotocol/servers,trigger-long-running-operation,MCP001,WARN,readOnlyHint,true,true,true,"description contains ""Demonstrates a long running operation with progress updates.""",Potential annotation mismatch: tool text may conflict with effective readOnlyHint=true. Review recommended.,FALSE_POSITIVE,'updates' refers to progress notifications. The tool waits and emits progress/result messages but does not mutate durable environment state.,src/everything/tools/trigger-long-running-operation.ts:15-77.
modelcontextprotocol/servers,https://github.com/modelcontextprotocol/servers,trigger-elicitation-request,MCP004,WARN,openWorldHint,false,true,false,"description contains ""Trigger a Request from the Server for User Elicitation""",Potential annotation mismatch: tool text may conflict with effective openWorldHint=false. Review recommended.,FALSE_POSITIVE,The request is sent to the already-connected MCP client and user within the current session rather than an unpredictable external entity. A closed-world annotation is reasonable.,src/everything/tools/trigger-elicitation-request.ts:8-56 uses extra.sendRequest for elicitation/create.
modelcontextprotocol/servers,https://github.com/modelcontextprotocol/servers,simulate-research-query,MCP004,WARN,openWorldHint,false,true,false,"description contains ""...multiple stages. If 'ambiguous' is true and client supports elicitation, sends an elicitation request for clarification.""",Potential annotation mismatch: tool text may conflict with effective openWorldHint=false. Review recommended.,FALSE_POSITIVE,This reference tool simulates research locally; its optional request is elicitation to the connected client. It does not perform web search or contact an open set of external entities.,src/everything/tools/simulate-research-query.ts:97 and :246-256.
modelcontextprotocol/servers,https://github.com/modelcontextprotocol/servers,trigger-elicitation-request-async,MCP004,WARN,openWorldHint,false,true,false,"description contains ""Trigger an async elicitation request that the CLIENT executes as a background task. Demonstrates bidirectional MCP tasks...""",Potential annotation mismatch: tool text may conflict with effective openWorldHint=false. Review recommended.,FALSE_POSITIVE,The async requests and polling stay on the existing MCP client connection. The matched generic word 'request' does not establish open-world access.,src/everything/tools/trigger-elicitation-request-async.ts:6-220.
modelcontextprotocol/servers,https://github.com/modelcontextprotocol/servers,write_file,MCP003,WARN,idempotentHint,true,true,true,"description contains ""Create a new file or completely overwrite an existing file with new content. Use with caution as it will overwrite exist...""",Potential annotation mismatch: tool text may conflict with effective idempotentHint=true. Review recommended.,FALSE_POSITIVE,Writing the same content to the same path repeatedly leaves the file contents in the same state. 'Create' and 'overwrite' do not by themselves make this PUT-like operation non-idempotent.,src/filesystem/index.ts:358-379 calls writeFileContent with the same path and content.
modelcontextprotocol/servers,https://github.com/modelcontextprotocol/servers,create_directory,MCP003,WARN,idempotentHint,true,true,true,"description contains ""Create a new directory or ensure a directory exists. Can create multiple nested directories in one operation. If the dir...""",Potential annotation mismatch: tool text may conflict with effective idempotentHint=true. Review recommended.,FALSE_POSITIVE,The implementation uses recursive mkdir and explicitly succeeds when the directory already exists; repeating identical arguments has no additional structural effect.,"src/filesystem/index.ts:413-434 calls fs.mkdir(path, {recursive:true})."
modelcontextprotocol/servers,https://github.com/modelcontextprotocol/servers,search_files,MCP004,WARN,openWorldHint,false,true,false,"description contains ""Recursively search for files and directories matching a pattern. The patterns should be glob-style patterns that match p...""",Potential annotation mismatch: tool text may conflict with effective openWorldHint=false. Review recommended.,FALSE_POSITIVE,The search is restricted to configured local allowed directories. Its domain is closed even though the tool name contains 'search'.,src/filesystem/index.ts:645-669 validates the path and performs local glob search.
modelcontextprotocol/servers,https://github.com/modelcontextprotocol/servers,get_file_info,MCP001,WARN,readOnlyHint,true,true,true,"description contains ""...ion including size, creation time, last modified time, permissions, and type. This tool is perfect for understanding fil...""",Potential annotation mismatch: tool text may conflict with effective readOnlyHint=true. Review recommended.,FALSE_POSITIVE,'modified' is part of the metadata field 'last modified time'. The implementation only reads file metadata.,src/filesystem/index.ts:674-700 calls getFileStats; src/filesystem/lib.ts:287 uses fs.stat.
modelcontextprotocol/servers,https://github.com/modelcontextprotocol/servers,search_nodes,MCP004,WARN,openWorldHint,false,true,false,"description contains ""Search for nodes in the knowledge graph based on a query""",Potential annotation mismatch: tool text may conflict with effective openWorldHint=false. Review recommended.,FALSE_POSITIVE,The search operates over the server's local knowledge-graph file rather than an open set of external entities.,src/memory/index.ts:188-213 and :491-516 call KnowledgeGraphManager.searchNodes.
modelcontextprotocol/servers,https://github.com/modelcontextprotocol/servers,fetch,MCP005,INFO,readOnlyHint,omitted,false,false,"annotations omit ""readOnlyHint""; effective value is false",Annotation coverage: 'readOnlyHint' was not explicitly specified; its effective MCP default is false.,COVERAGE_INFO,"readOnlyHint is omitted; its effective MCP default is false. This is coverage information, not a vulnerability classification.",
modelcontextprotocol/servers,https://github.com/modelcontextprotocol/servers,fetch,MCP005,INFO,destructiveHint,omitted,false,true,"annotations omit ""destructiveHint""; effective value is true",Annotation coverage: 'destructiveHint' was not explicitly specified; its effective MCP default is true.,COVERAGE_INFO,"destructiveHint is omitted; its effective MCP default is true. This is coverage information, not a vulnerability classification.",
modelcontextprotocol/servers,https://github.com/modelcontextprotocol/servers,fetch,MCP005,INFO,idempotentHint,omitted,false,false,"annotations omit ""idempotentHint""; effective value is false",Annotation coverage: 'idempotentHint' was not explicitly specified; its effective MCP default is false.,COVERAGE_INFO,"idempotentHint is omitted; its effective MCP default is false. This is coverage information, not a vulnerability classification.",
modelcontextprotocol/servers,https://github.com/modelcontextprotocol/servers,fetch,MCP005,INFO,openWorldHint,omitted,false,true,"annotations omit ""openWorldHint""; effective value is true",Annotation coverage: 'openWorldHint' was not explicitly specified; its effective MCP default is true.,COVERAGE_INFO,"openWorldHint is omitted; its effective MCP default is true. This is coverage information, not a vulnerability classification.",
t8y2/dbx,https://github.com/t8y2/dbx,dbx_list_connections,MCP005,INFO,readOnlyHint,omitted,false,false,"annotations omit ""readOnlyHint""; effective value is false",Annotation coverage: 'readOnlyHint' was not explicitly specified; its effective MCP default is false.,COVERAGE_INFO,"readOnlyHint is omitted; its effective MCP default is false. This is coverage information, not a vulnerability classification.",
t8y2/dbx,https://github.com/t8y2/dbx,dbx_list_connections,MCP005,INFO,destructiveHint,omitted,false,true,"annotations omit ""destructiveHint""; effective value is true",Annotation coverage: 'destructiveHint' was not explicitly specified; its effective MCP default is true.,COVERAGE_INFO,"destructiveHint is omitted; its effective MCP default is true. This is coverage information, not a vulnerability classification.",
t8y2/dbx,https://github.com/t8y2/dbx,dbx_list_connections,MCP005,INFO,idempotentHint,omitted,false,false,"annotations omit ""idempotentHint""; effective value is false",Annotation coverage: 'idempotentHint' was not explicitly specified; its effective MCP default is false.,COVERAGE_INFO,"idempotentHint is omitted; its effective MCP default is false. This is coverage information, not a vulnerability classification.",
t8y2/dbx,https://github.com/t8y2/dbx,dbx_list_connections,MCP005,INFO,openWorldHint,omitted,false,true,"annotations omit ""openWorldHint""; effective value is true",Annotation coverage: 'openWorldHint' was not explicitly specified; its effective MCP default is true.,COVERAGE_INFO,"openWorldHint is omitted; its effective MCP default is true. This is coverage information, not a vulnerability classification.",
t8y2/dbx,https://github.com/t8y2/dbx,dbx_list_tables,MCP005,INFO,readOnlyHint,omitted,false,false,"annotations omit ""readOnlyHint""; effective value is false",Annotation coverage: 'readOnlyHint' was not explicitly specified; its effective MCP default is false.,COVERAGE_INFO,"readOnlyHint is omitted; its effective MCP default is false. This is coverage information, not a vulnerability classification.",
t8y2/dbx,https://github.com/t8y2/dbx,dbx_list_tables,MCP005,INFO,destructiveHint,omitted,false,true,"annotations omit ""destructiveHint""; effective value is true",Annotation coverage: 'destructiveHint' was not explicitly specified; its effective MCP default is true.,COVERAGE_INFO,"destructiveHint is omitted; its effective MCP default is true. This is coverage information, not a vulnerability classification.",
t8y2/dbx,https://github.com/t8y2/dbx,dbx_list_tables,MCP005,INFO,idempotentHint,omitted,false,false,"annotations omit ""idempotentHint""; effective value is false",Annotation coverage: 'idempotentHint' was not explicitly specified; its effective MCP default is false.,COVERAGE_INFO,"idempotentHint is omitted; its effective MCP default is false. This is coverage information, not a vulnerability classification.",
t8y2/dbx,https://github.com/t8y2/dbx,dbx_list_tables,MCP005,INFO,openWorldHint,omitted,false,true,"annotations omit ""openWorldHint""; effective value is true",Annotation coverage: 'openWorldHint' was not explicitly specified; its effective MCP default is true.,COVERAGE_INFO,"openWorldHint is omitted; its effective MCP default is true. This is coverage information, not a vulnerability classification.",
t8y2/dbx,https://github.com/t8y2/dbx,dbx_describe_table,MCP005,INFO,readOnlyHint,omitted,false,false,"annotations omit ""readOnlyHint""; effective value is false",Annotation coverage: 'readOnlyHint' was not explicitly specified; its effective MCP default is false.,COVERAGE_INFO,"readOnlyHint is omitted; its effective MCP default is false. This is coverage information, not a vulnerability classification.",
t8y2/dbx,https://github.com/t8y2/dbx,dbx_describe_table,MCP005,INFO,destructiveHint,omitted,false,true,"annotations omit ""destructiveHint""; effective value is true",Annotation coverage: 'destructiveHint' was not explicitly specified; its effective MCP default is true.,COVERAGE_INFO,"destructiveHint is omitted; its effective MCP default is true. This is coverage information, not a vulnerability classification.",
t8y2/dbx,https://github.com/t8y2/dbx,dbx_describe_table,MCP005,INFO,idempotentHint,omitted,false,false,"annotations omit ""idempotentHint""; effective value is false",Annotation coverage: 'idempotentHint' was not explicitly specified; its effective MCP default is false.,COVERAGE_INFO,"idempotentHint is omitted; its effective MCP default is false. This is coverage information, not a vulnerability classification.",
t8y2/dbx,https://github.com/t8y2/dbx,dbx_describe_table,MCP005,INFO,openWorldHint,omitted,false,true,"annotations omit ""openWorldHint""; effective value is true",Annotation coverage: 'openWorldHint' was not explicitly specified; its effective MCP default is true.,COVERAGE_INFO,"openWorldHint is omitted; its effective MCP default is true. This is coverage information, not a vulnerability classification.",
t8y2/dbx,https://github.com/t8y2/dbx,dbx_execute_query,MCP005,INFO,readOnlyHint,omitted,false,false,"annotations omit ""readOnlyHint""; effective value is false",Annotation coverage: 'readOnlyHint' was not explicitly specified; its effective MCP default is false.,COVERAGE_INFO,"readOnlyHint is omitted; its effective MCP default is false. This is coverage information, not a vulnerability classification.",
t8y2/dbx,https://github.com/t8y2/dbx,dbx_execute_query,MCP005,INFO,destructiveHint,omitted,false,true,"annotations omit ""destructiveHint""; effective value is true",Annotation coverage: 'destructiveHint' was not explicitly specified; its effective MCP default is true.,COVERAGE_INFO,"destructiveHint is omitted; its effective MCP default is true. This is coverage information, not a vulnerability classification.",
t8y2/dbx,https://github.com/t8y2/dbx,dbx_execute_query,MCP005,INFO,idempotentHint,omitted,false,false,"annotations omit ""idempotentHint""; effective value is false",Annotation coverage: 'idempotentHint' was not explicitly specified; its effective MCP default is false.,COVERAGE_INFO,"idempotentHint is omitted; its effective MCP default is false. This is coverage information, not a vulnerability classification.",
t8y2/dbx,https://github.com/t8y2/dbx,dbx_execute_query,MCP005,INFO,openWorldHint,omitted,false,true,"annotations omit ""openWorldHint""; effective value is true",Annotation coverage: 'openWorldHint' was not explicitly specified; its effective MCP default is true.,COVERAGE_INFO,"openWorldHint is omitted; its effective MCP default is true. This is coverage information, not a vulnerability classification.",
t8y2/dbx,https://github.com/t8y2/dbx,dbx_open_session,MCP005,INFO,readOnlyHint,omitted,false,false,"annotations omit ""readOnlyHint""; effective value is false",Annotation coverage: 'readOnlyHint' was not explicitly specified; its effective MCP default is false.,COVERAGE_INFO,"readOnlyHint is omitted; its effective MCP default is false. This is coverage information, not a vulnerability classification.",
t8y2/dbx,https://github.com/t8y2/dbx,dbx_open_session,MCP005,INFO,destructiveHint,omitted,false,true,"annotations omit ""destructiveHint""; effective value is true",Annotation coverage: 'destructiveHint' was not explicitly specified; its effective MCP default is true.,COVERAGE_INFO,"destructiveHint is omitted; its effective MCP default is true. This is coverage information, not a vulnerability classification.",
t8y2/dbx,https://github.com/t8y2/dbx,dbx_open_session,MCP005,INFO,idempotentHint,omitted,false,false,"annotations omit ""idempotentHint""; effective value is false",Annotation coverage: 'idempotentHint' was not explicitly specified; its effective MCP default is false.,COVERAGE_INFO,"idempotentHint is omitted; its effective MCP default is false. This is coverage information, not a vulnerability classification.",
t8y2/dbx,https://github.com/t8y2/dbx,dbx_open_session,MCP005,INFO,openWorldHint,omitted,false,true,"annotations omit ""openWorldHint""; effective value is true",Annotation coverage: 'openWorldHint' was not explicitly specified; its effective MCP default is true.,COVERAGE_INFO,"openWorldHint is omitted; its effective MCP default is true. This is coverage information, not a vulnerability classification.",
t8y2/dbx,https://github.com/t8y2/dbx,dbx_close_session,MCP005,INFO,readOnlyHint,omitted,false,false,"annotations omit ""readOnlyHint""; effective value is false",Annotation coverage: 'readOnlyHint' was not explicitly specified; its effective MCP default is false.,COVERAGE_INFO,"readOnlyHint is omitted; its effective MCP default is false. This is coverage information, not a vulnerability classification.",
t8y2/dbx,https://github.com/t8y2/dbx,dbx_close_session,MCP005,INFO,destructiveHint,omitted,false,true,"annotations omit ""destructiveHint""; effective value is true",Annotation coverage: 'destructiveHint' was not explicitly specified; its effective MCP default is true.,COVERAGE_INFO,"destructiveHint is omitted; its effective MCP default is true. This is coverage information, not a vulnerability classification.",
t8y2/dbx,https://github.com/t8y2/dbx,dbx_close_session,MCP005,INFO,idempotentHint,omitted,false,false,"annotations omit ""idempotentHint""; effective value is false",Annotation coverage: 'idempotentHint' was not explicitly specified; its effective MCP default is false.,COVERAGE_INFO,"idempotentHint is omitted; its effective MCP default is false. This is coverage information, not a vulnerability classification.",
t8y2/dbx,https://github.com/t8y2/dbx,dbx_close_session,MCP005,INFO,openWorldHint,omitted,false,true,"annotations omit ""openWorldHint""; effective value is true",Annotation coverage: 'openWorldHint' was not explicitly specified; its effective MCP default is true.,COVERAGE_INFO,"openWorldHint is omitted; its effective MCP default is true. This is coverage information, not a vulnerability classification.",
t8y2/dbx,https://github.com/t8y2/dbx,dbx_execute_redis_command,MCP005,INFO,readOnlyHint,omitted,false,false,"annotations omit ""readOnlyHint""; effective value is false",Annotation coverage: 'readOnlyHint' was not explicitly specified; its effective MCP default is false.,COVERAGE_INFO,"readOnlyHint is omitted; its effective MCP default is false. This is coverage information, not a vulnerability classification.",
t8y2/dbx,https://github.com/t8y2/dbx,dbx_execute_redis_command,MCP005,INFO,destructiveHint,omitted,false,true,"annotations omit ""destructiveHint""; effective value is true",Annotation coverage: 'destructiveHint' was not explicitly specified; its effective MCP default is true.,COVERAGE_INFO,"destructiveHint is omitted; its effective MCP default is true. This is coverage information, not a vulnerability classification.",
t8y2/dbx,https://github.com/t8y2/dbx,dbx_execute_redis_command,MCP005,INFO,idempotentHint,omitted,false,false,"annotations omit ""idempotentHint""; effective value is false",Annotation coverage: 'idempotentHint' was not explicitly specified; its effective MCP default is false.,COVERAGE_INFO,"idempotentHint is omitted; its effective MCP default is false. This is coverage information, not a vulnerability classification.",
t8y2/dbx,https://github.com/t8y2/dbx,dbx_execute_redis_command,MCP005,INFO,openWorldHint,omitted,false,true,"annotations omit ""openWorldHint""; effective value is true",Annotation coverage: 'openWorldHint' was not explicitly specified; its effective MCP default is true.,COVERAGE_INFO,"openWorldHint is omitted; its effective MCP default is true. This is coverage information, not a vulnerability classification.",
t8y2/dbx,https://github.com/t8y2/dbx,dbx_get_schema_context,MCP005,INFO,readOnlyHint,omitted,false,false,"annotations omit ""readOnlyHint""; effective value is false",Annotation coverage: 'readOnlyHint' was not explicitly specified; its effective MCP default is false.,COVERAGE_INFO,"readOnlyHint is omitted; its effective MCP default is false. This is coverage information, not a vulnerability classification.",
t8y2/dbx,https://github.com/t8y2/dbx,dbx_get_schema_context,MCP005,INFO,destructiveHint,omitted,false,true,"annotations omit ""destructiveHint""; effective value is true",Annotation coverage: 'destructiveHint' was not explicitly specified; its effective MCP default is true.,COVERAGE_INFO,"destructiveHint is omitted; its effective MCP default is true. This is coverage information, not a vulnerability classification.",
t8y2/dbx,https://github.com/t8y2/dbx,dbx_get_schema_context,MCP005,INFO,idempotentHint,omitted,false,false,"annotations omit ""idempotentHint""; effective value is false",Annotation coverage: 'idempotentHint' was not explicitly specified; its effective MCP default is false.,COVERAGE_INFO,"idempotentHint is omitted; its effective MCP default is false. This is coverage information, not a vulnerability classification.",
t8y2/dbx,https://github.com/t8y2/dbx,dbx_get_schema_context,MCP005,INFO,openWorldHint,omitted,false,true,"annotations omit ""openWorldHint""; effective value is true",Annotation coverage: 'openWorldHint' was not explicitly specified; its effective MCP default is true.,COVERAGE_INFO,"openWorldHint is omitted; its effective MCP default is true. This is coverage information, not a vulnerability classification.",
t8y2/dbx,https://github.com/t8y2/dbx,dbx_add_connection,MCP005,INFO,readOnlyHint,omitted,false,false,"annotations omit ""readOnlyHint""; effective value is false",Annotation coverage: 'readOnlyHint' was not explicitly specified; its effective MCP default is false.,COVERAGE_INFO,"readOnlyHint is omitted; its effective MCP default is false. This is coverage information, not a vulnerability classification.",
t8y2/dbx,https://github.com/t8y2/dbx,dbx_add_connection,MCP005,INFO,destructiveHint,omitted,false,true,"annotations omit ""destructiveHint""; effective value is true",Annotation coverage: 'destructiveHint' was not explicitly specified; its effective MCP default is true.,COVERAGE_INFO,"destructiveHint is omitted; its effective MCP default is true. This is coverage information, not a vulnerability classification.",
t8y2/dbx,https://github.com/t8y2/dbx,dbx_add_connection,MCP005,INFO,idempotentHint,omitted,false,false,"annotations omit ""idempotentHint""; effective value is false",Annotation coverage: 'idempotentHint' was not explicitly specified; its effective MCP default is false.,COVERAGE_INFO,"idempotentHint is omitted; its effective MCP default is false. This is coverage information, not a vulnerability classification.",
t8y2/dbx,https://github.com/t8y2/dbx,dbx_add_connection,MCP005,INFO,openWorldHint,omitted,false,true,"annotations omit ""openWorldHint""; effective value is true",Annotation coverage: 'openWorldHint' was not explicitly specified; its effective MCP default is true.,COVERAGE_INFO,"openWorldHint is omitted; its effective MCP default is true. This is coverage information, not a vulnerability classification.",
t8y2/dbx,https://github.com/t8y2/dbx,dbx_remove_connection,MCP005,INFO,readOnlyHint,omitted,false,false,"annotations omit ""readOnlyHint""; effective value is false",Annotation coverage: 'readOnlyHint' was not explicitly specified; its effective MCP default is false.,COVERAGE_INFO,"readOnlyHint is omitted; its effective MCP default is false. This is coverage information, not a vulnerability classification.",
t8y2/dbx,https://github.com/t8y2/dbx,dbx_remove_connection,MCP005,INFO,destructiveHint,omitted,false,true,"annotations omit ""destructiveHint""; effective value is true",Annotation coverage: 'destructiveHint' was not explicitly specified; its effective MCP default is true.,COVERAGE_INFO,"destructiveHint is omitted; its effective MCP default is true. This is coverage information, not a vulnerability classification.",
t8y2/dbx,https://github.com/t8y2/dbx,dbx_remove_connection,MCP005,INFO,idempotentHint,omitted,false,false,"annotations omit ""idempotentHint""; effective value is false",Annotation coverage: 'idempotentHint' was not explicitly specified; its effective MCP default is false.,COVERAGE_INFO,"idempotentHint is omitted; its effective MCP default is false. This is coverage information, not a vulnerability classification.",
t8y2/dbx,https://github.com/t8y2/dbx,dbx_remove_connection,MCP005,INFO,openWorldHint,omitted,false,true,"annotations omit ""openWorldHint""; effective value is true",Annotation coverage: 'openWorldHint' was not explicitly specified; its effective MCP default is true.,COVERAGE_INFO,"openWorldHint is omitted; its effective MCP default is true. This is coverage information, not a vulnerability classification.",
t8y2/dbx,https://github.com/t8y2/dbx,dbx_open_table,MCP005,INFO,readOnlyHint,omitted,false,false,"annotations omit ""readOnlyHint""; effective value is false",Annotation coverage: 'readOnlyHint' was not explicitly specified; its effective MCP default is false.,COVERAGE_INFO,"readOnlyHint is omitted; its effective MCP default is false. This is coverage information, not a vulnerability classification.",
t8y2/dbx,https://github.com/t8y2/dbx,dbx_open_table,MCP005,INFO,destructiveHint,omitted,false,true,"annotations omit ""destructiveHint""; effective value is true",Annotation coverage: 'destructiveHint' was not explicitly specified; its effective MCP default is true.,COVERAGE_INFO,"destructiveHint is omitted; its effective MCP default is true. This is coverage information, not a vulnerability classification.",
t8y2/dbx,https://github.com/t8y2/dbx,dbx_open_table,MCP005,INFO,idempotentHint,omitted,false,false,"annotations omit ""idempotentHint""; effective value is false",Annotation coverage: 'idempotentHint' was not explicitly specified; its effective MCP default is false.,COVERAGE_INFO,"idempotentHint is omitted; its effective MCP default is false. This is coverage information, not a vulnerability classification.",
t8y2/dbx,https://github.com/t8y2/dbx,dbx_open_table,MCP005,INFO,openWorldHint,omitted,false,true,"annotations omit ""openWorldHint""; effective value is true",Annotation coverage: 'openWorldHint' was not explicitly specified; its effective MCP default is true.,COVERAGE_INFO,"openWorldHint is omitted; its effective MCP default is true. This is coverage information, not a vulnerability classification.",
t8y2/dbx,https://github.com/t8y2/dbx,dbx_execute_and_show,MCP005,INFO,readOnlyHint,omitted,false,false,"annotations omit ""readOnlyHint""; effective value is false",Annotation coverage: 'readOnlyHint' was not explicitly specified; its effective MCP default is false.,COVERAGE_INFO,"readOnlyHint is omitted; its effective MCP default is false. This is coverage information, not a vulnerability classification.",
t8y2/dbx,https://github.com/t8y2/dbx,dbx_execute_and_show,MCP005,INFO,destructiveHint,omitted,false,true,"annotations omit ""destructiveHint""; effective value is true",Annotation coverage: 'destructiveHint' was not explicitly specified; its effective MCP default is true.,COVERAGE_INFO,"destructiveHint is omitted; its effective MCP default is true. This is coverage information, not a vulnerability classification.",
t8y2/dbx,https://github.com/t8y2/dbx,dbx_execute_and_show,MCP005,INFO,idempotentHint,omitted,false,false,"annotations omit ""idempotentHint""; effective value is false",Annotation coverage: 'idempotentHint' was not explicitly specified; its effective MCP default is false.,COVERAGE_INFO,"idempotentHint is omitted; its effective MCP default is false. This is coverage information, not a vulnerability classification.",
t8y2/dbx,https://github.com/t8y2/dbx,dbx_execute_and_show,MCP005,INFO,openWorldHint,omitted,false,true,"annotations omit ""openWorldHint""; effective value is true",Annotation coverage: 'openWorldHint' was not explicitly specified; its effective MCP default is true.,COVERAGE_INFO,"openWorldHint is omitted; its effective MCP default is true. This is coverage information, not a vulnerability classification.",
